,total reward
0,32.0
1,23.0
2,30.0
3,11.0
4,11.0
5,46.0
6,11.0
7,30.0
8,38.0
9,10.0
10,16.0
11,17.0
12,13.0
13,10.0
14,17.0
15,15.0
16,22.0
17,9.0
18,14.0
19,23.0
20,15.0
21,16.0
22,18.0
23,17.0
24,14.0
25,24.0
26,12.0
27,13.0
28,19.0
29,33.0
30,13.0
31,22.0
32,21.0
33,19.0
34,18.0
35,12.0
36,31.0
37,26.0
38,23.0
39,21.0
40,31.0
41,33.0
42,19.0
43,19.0
44,26.0
45,27.0
46,28.0
47,17.0
48,12.0
49,11.0
50,15.0
51,28.0
52,23.0
53,23.0
54,30.0
55,15.0
56,32.0
57,10.0
58,9.0
59,25.0
60,17.0
61,15.0
62,18.0
63,10.0
64,38.0
65,9.0
66,41.0
67,19.0
68,17.0
69,60.0
70,32.0
71,48.0
72,25.0
73,13.0
74,15.0
75,10.0
76,18.0
77,22.0
78,16.0
79,24.0
80,15.0
81,16.0
82,18.0
83,16.0
84,29.0
85,25.0
86,24.0
87,15.0
88,35.0
89,24.0
90,17.0
91,9.0
92,9.0
93,36.0
94,55.0
95,16.0
96,26.0
97,17.0
98,23.0
99,10.0
100,23.0
101,14.0
102,36.0
103,9.0
104,12.0
105,30.0
106,25.0
107,46.0
108,36.0
109,40.0
110,14.0
111,27.0
112,25.0
113,42.0
114,17.0
115,21.0
116,18.0
117,18.0
118,17.0
119,14.0
120,26.0
121,34.0
122,17.0
123,22.0
124,18.0
125,9.0
126,21.0
127,31.0
128,41.0
129,26.0
130,34.0
131,32.0
132,25.0
133,16.0
134,11.0
135,37.0
136,12.0
137,15.0
138,41.0
139,13.0
140,19.0
141,16.0
142,13.0
143,12.0
144,14.0
145,24.0
146,19.0
147,25.0
148,16.0
149,32.0
150,15.0
151,12.0
152,14.0
153,10.0
154,19.0
155,22.0
156,15.0
157,16.0
158,36.0
159,34.0
160,22.0
161,24.0
162,24.0
163,20.0
164,40.0
165,20.0
166,36.0
167,13.0
168,29.0
169,25.0
170,20.0
171,25.0
172,41.0
173,33.0
174,15.0
175,37.0
176,33.0
177,24.0
178,11.0
179,31.0
180,27.0
181,14.0
182,46.0
183,11.0
184,19.0
185,13.0
186,44.0
187,19.0
188,19.0
189,11.0
190,13.0
191,19.0
192,29.0
193,42.0
194,20.0
195,15.0
196,12.0
197,79.0
198,36.0
199,16.0
200,16.0
201,28.0
202,23.0
203,14.0
204,14.0
205,20.0
206,15.0
207,15.0
208,13.0
209,10.0
210,28.0
211,21.0
212,19.0
213,12.0
214,13.0
215,12.0
216,17.0
217,12.0
218,24.0
219,13.0
220,15.0
221,17.0
222,11.0
223,12.0
224,19.0
225,31.0
226,10.0
227,30.0
228,16.0
229,16.0
230,50.0
231,21.0
232,25.0
233,18.0
234,30.0
235,12.0
236,30.0
237,21.0
238,23.0
239,48.0
240,13.0
241,42.0
242,41.0
243,12.0
244,12.0
245,34.0
246,51.0
247,14.0
248,13.0
249,21.0
250,20.0
251,13.0
252,12.0
253,21.0
254,25.0
255,16.0
256,29.0
257,11.0
258,17.0
259,21.0
260,19.0
261,61.0
262,21.0
263,11.0
264,20.0
265,29.0
266,13.0
267,41.0
268,25.0
269,36.0
270,52.0
271,22.0
272,25.0
273,15.0
274,21.0
275,11.0
276,42.0
277,13.0
278,37.0
279,29.0
280,37.0
281,17.0
282,27.0
283,40.0
284,78.0
285,13.0
286,29.0
287,9.0
288,26.0
289,17.0
290,54.0
291,14.0
292,24.0
293,16.0
294,17.0
295,12.0
296,13.0
297,16.0
298,15.0
299,18.0
300,18.0
301,18.0
302,31.0
303,16.0
304,14.0
305,26.0
306,15.0
307,35.0
308,9.0
309,24.0
310,16.0
311,19.0
312,15.0
313,14.0
314,16.0
315,10.0
316,43.0
317,44.0
318,20.0
319,15.0
320,20.0
321,14.0
322,23.0
323,16.0
324,13.0
325,50.0
326,12.0
327,14.0
328,41.0
329,15.0
330,11.0
331,19.0
332,12.0
333,13.0
334,15.0
335,18.0
336,51.0
337,26.0
338,13.0
339,28.0
340,18.0
341,14.0
342,20.0
343,15.0
344,20.0
345,82.0
346,15.0
347,15.0
348,25.0
349,29.0
350,22.0
351,16.0
352,29.0
353,16.0
354,18.0
355,23.0
356,40.0
357,34.0
358,9.0
359,17.0
360,12.0
361,26.0
362,15.0
363,38.0
364,10.0
365,20.0
366,17.0
367,27.0
368,22.0
369,29.0
370,13.0
371,49.0
372,11.0
373,13.0
374,23.0
375,37.0
376,28.0
377,18.0
378,11.0
379,35.0
380,20.0
381,26.0
382,11.0
383,21.0
384,15.0
385,12.0
386,11.0
387,30.0
388,13.0
389,29.0
390,21.0
391,13.0
392,17.0
393,8.0
394,12.0
395,12.0
396,35.0
397,14.0
398,30.0
399,11.0
400,10.0
401,11.0
402,9.0
403,43.0
404,25.0
405,11.0
406,18.0
407,22.0
408,13.0
409,45.0
410,18.0
411,53.0
412,16.0
413,12.0
414,11.0
415,26.0
416,22.0
417,29.0
418,11.0
419,13.0
420,39.0
421,21.0
422,14.0
423,34.0
424,45.0
425,19.0
426,15.0
427,21.0
428,26.0
429,30.0
430,13.0
431,14.0
432,16.0
433,9.0
434,15.0
435,21.0
436,20.0
437,17.0
438,12.0
439,15.0
440,13.0
441,31.0
442,9.0
443,16.0
444,29.0
445,14.0
446,15.0
447,17.0
448,43.0
449,22.0
450,17.0
451,47.0
452,10.0
453,30.0
454,10.0
455,27.0
456,22.0
457,13.0
458,16.0
459,13.0
460,47.0
461,17.0
462,9.0
463,38.0
464,32.0
465,17.0
466,19.0
467,14.0
468,32.0
469,16.0
470,13.0
471,16.0
472,14.0
473,14.0
474,19.0
475,63.0
476,29.0
477,32.0
478,16.0
479,19.0
480,19.0
481,14.0
482,12.0
483,17.0
484,10.0
485,13.0
486,50.0
487,22.0
488,18.0
489,32.0
490,31.0
491,12.0
492,36.0
493,10.0
494,14.0
495,13.0
496,27.0
497,14.0
498,12.0
499,46.0
500,11.0
501,28.0
502,9.0
503,28.0
504,10.0
505,15.0
506,14.0
507,17.0
508,16.0
509,13.0
510,39.0
511,40.0
512,15.0
513,71.0
514,20.0
515,17.0
516,37.0
517,40.0
518,18.0
519,9.0
520,19.0
521,12.0
522,21.0
523,15.0
524,31.0
525,31.0
526,16.0
527,21.0
528,12.0
529,10.0
530,12.0
531,22.0
532,22.0
533,28.0
534,17.0
535,27.0
536,25.0
537,13.0
538,36.0
539,34.0
540,34.0
541,29.0
542,9.0
543,37.0
544,15.0
545,48.0
546,41.0
547,16.0
548,16.0
549,11.0
550,10.0
551,20.0
552,20.0
553,36.0
554,32.0
555,14.0
556,13.0
557,14.0
558,22.0
559,18.0
560,11.0
561,15.0
562,64.0
563,50.0
564,40.0
565,23.0
566,18.0
567,12.0
568,35.0
569,14.0
570,39.0
571,15.0
572,20.0
573,12.0
574,28.0
575,15.0
576,13.0
577,15.0
578,17.0
579,20.0
580,21.0
581,22.0
582,15.0
583,18.0
584,42.0
585,33.0
586,11.0
587,28.0
588,10.0
589,13.0
590,14.0
591,9.0
592,33.0
593,26.0
594,22.0
595,24.0
596,10.0
597,17.0
598,14.0
599,14.0
600,16.0
601,16.0
602,56.0
603,16.0
604,39.0
605,30.0
606,56.0
607,10.0
608,20.0
609,18.0
610,20.0
611,20.0
612,47.0
613,15.0
614,20.0
615,14.0
616,16.0
617,75.0
618,24.0
619,33.0
620,28.0
621,47.0
622,16.0
623,10.0
624,40.0
625,22.0
626,11.0
627,16.0
628,10.0
629,23.0
630,20.0
631,14.0
632,14.0
633,19.0
634,21.0
635,9.0
636,37.0
637,20.0
638,11.0
639,14.0
640,19.0
641,13.0
642,17.0
643,17.0
644,47.0
645,22.0
646,12.0
647,14.0
648,48.0
649,20.0
650,15.0
651,31.0
652,26.0
653,15.0
654,16.0
655,9.0
656,14.0
657,17.0
658,15.0
659,22.0
660,16.0
661,36.0
662,14.0
663,14.0
664,19.0
665,15.0
666,10.0
667,15.0
668,15.0
669,9.0
670,12.0
671,16.0
672,17.0
673,20.0
674,10.0
675,21.0
676,16.0
677,26.0
678,11.0
679,16.0
680,19.0
681,17.0
682,22.0
683,16.0
684,12.0
685,21.0
686,15.0
687,20.0
688,18.0
689,20.0
690,19.0
691,15.0
692,70.0
693,8.0
694,30.0
695,9.0
696,13.0
697,29.0
698,28.0
699,9.0
700,27.0
701,12.0
702,15.0
703,14.0
704,30.0
705,29.0
706,14.0
707,23.0
708,28.0
709,18.0
710,11.0
711,20.0
712,25.0
713,53.0
714,73.0
715,10.0
716,14.0
717,28.0
718,10.0
719,19.0
720,15.0
721,11.0
722,21.0
723,41.0
724,20.0
725,40.0
726,16.0
727,12.0
728,32.0
729,29.0
730,13.0
731,30.0
732,17.0
733,29.0
734,19.0
735,24.0
736,25.0
737,11.0
738,15.0
739,31.0
740,12.0
741,25.0
742,10.0
743,17.0
744,30.0
745,14.0
746,18.0
747,12.0
748,36.0
749,11.0
750,31.0
751,13.0
752,15.0
753,20.0
754,36.0
755,35.0
756,15.0
757,12.0
758,22.0
759,13.0
760,12.0
761,29.0
762,15.0
763,85.0
764,14.0
765,20.0
766,13.0
767,40.0
768,10.0
769,25.0
770,35.0
771,9.0
772,15.0
773,12.0
774,17.0
775,18.0
776,14.0
777,13.0
778,19.0
779,12.0
780,18.0
781,21.0
782,14.0
783,26.0
784,18.0
785,16.0
786,22.0
787,18.0
788,19.0
789,17.0
790,31.0
791,25.0
792,19.0
793,13.0
794,16.0
795,12.0
796,22.0
797,25.0
798,33.0
799,12.0
800,41.0
801,20.0
802,22.0
803,24.0
804,12.0
805,25.0
806,21.0
807,11.0
808,27.0
809,23.0
810,69.0
811,18.0
812,18.0
813,36.0
814,24.0
815,27.0
816,29.0
817,19.0
818,38.0
819,21.0
820,21.0
821,18.0
822,12.0
823,29.0
824,55.0
825,21.0
826,10.0
827,24.0
828,18.0
829,42.0
830,19.0
831,35.0
832,13.0
833,19.0
834,18.0
835,12.0
836,17.0
837,17.0
838,16.0
839,13.0
840,23.0
841,25.0
842,11.0
843,13.0
844,15.0
845,11.0
846,37.0
847,27.0
848,14.0
849,12.0
850,12.0
851,28.0
852,19.0
853,23.0
854,27.0
855,10.0
856,41.0
857,21.0
858,28.0
859,32.0
860,17.0
861,24.0
862,14.0
863,14.0
864,26.0
865,15.0
866,19.0
867,48.0
868,9.0
869,40.0
870,32.0
871,15.0
872,12.0
873,19.0
874,18.0
875,15.0
876,15.0
877,13.0
878,22.0
879,16.0
880,31.0
881,18.0
882,12.0
883,24.0
884,12.0
885,20.0
886,20.0
887,20.0
888,20.0
889,32.0
890,10.0
891,16.0
892,8.0
893,23.0
894,23.0
895,12.0
896,13.0
897,13.0
898,10.0
899,21.0
900,13.0
901,16.0
902,30.0
903,18.0
904,26.0
905,17.0
906,16.0
907,17.0
908,41.0
909,11.0
910,16.0
911,19.0
912,25.0
913,13.0
914,17.0
915,20.0
916,13.0
917,10.0
918,16.0
919,16.0
920,32.0
921,12.0
922,17.0
923,10.0
924,28.0
925,45.0
926,19.0
927,18.0
928,26.0
929,15.0
930,14.0
931,66.0
932,17.0
933,41.0
934,21.0
935,14.0
936,22.0
937,29.0
938,36.0
939,18.0
940,10.0
941,26.0
942,29.0
943,19.0
944,34.0
945,13.0
946,31.0
947,12.0
948,14.0
949,29.0
950,63.0
951,18.0
952,17.0
953,28.0
954,57.0
955,22.0
956,18.0
957,16.0
958,26.0
959,41.0
960,22.0
961,56.0
962,60.0
963,46.0
964,10.0
965,22.0
966,14.0
967,17.0
968,17.0
969,9.0
970,14.0
971,14.0
972,16.0
973,24.0
974,22.0
975,13.0
976,11.0
977,26.0
978,16.0
979,32.0
980,18.0
981,13.0
982,47.0
983,41.0
984,29.0
985,19.0
986,19.0
987,30.0
988,25.0
989,16.0
990,31.0
991,13.0
992,17.0
993,30.0
994,18.0
995,15.0
996,40.0
997,19.0
998,17.0
999,34.0
1000,16.0
1001,13.0
1002,16.0
1003,28.0
1004,14.0
1005,29.0
1006,37.0
1007,22.0
1008,49.0
1009,33.0
1010,16.0
1011,24.0
1012,18.0
1013,24.0
1014,27.0
1015,24.0
1016,14.0
1017,14.0
1018,15.0
1019,20.0
1020,20.0
1021,33.0
1022,20.0
1023,25.0
1024,15.0
1025,10.0
1026,26.0
1027,54.0
1028,11.0
1029,33.0
1030,17.0
1031,24.0
1032,14.0
1033,16.0
1034,19.0
1035,46.0
1036,18.0
1037,28.0
1038,44.0
1039,16.0
1040,18.0
1041,18.0
1042,27.0
1043,16.0
1044,19.0
1045,11.0
1046,22.0
1047,16.0
1048,20.0
1049,42.0
1050,43.0
1051,18.0
1052,24.0
1053,31.0
1054,12.0
1055,48.0
1056,10.0
1057,26.0
1058,16.0
1059,14.0
1060,9.0
1061,19.0
1062,33.0
1063,25.0
1064,20.0
1065,21.0
1066,24.0
1067,14.0
1068,64.0
1069,13.0
1070,14.0
1071,36.0
1072,12.0
1073,30.0
1074,28.0
1075,20.0
1076,31.0
1077,42.0
1078,18.0
1079,17.0
1080,23.0
1081,15.0
1082,19.0
1083,15.0
1084,15.0
1085,12.0
1086,23.0
1087,33.0
1088,15.0
1089,17.0
1090,17.0
1091,51.0
1092,29.0
1093,10.0
1094,11.0
1095,51.0
1096,61.0
1097,15.0
1098,14.0
1099,40.0
1100,11.0
1101,24.0
1102,39.0
1103,16.0
1104,26.0
1105,10.0
1106,12.0
1107,21.0
1108,12.0
1109,17.0
1110,43.0
1111,14.0
1112,12.0
1113,18.0
1114,13.0
1115,12.0
1116,32.0
1117,30.0
1118,29.0
1119,12.0
1120,63.0
1121,42.0
1122,41.0
1123,20.0
1124,11.0
1125,20.0
1126,14.0
1127,25.0
1128,11.0
1129,22.0
1130,22.0
1131,19.0
1132,28.0
1133,12.0
1134,17.0
1135,36.0
1136,26.0
1137,12.0
1138,19.0
1139,9.0
1140,11.0
1141,15.0
1142,15.0
1143,48.0
1144,43.0
1145,25.0
1146,12.0
1147,11.0
1148,46.0
1149,26.0
1150,15.0
1151,17.0
1152,16.0
1153,13.0
1154,23.0
1155,13.0
1156,20.0
1157,26.0
1158,20.0
1159,33.0
1160,13.0
1161,26.0
1162,42.0
1163,16.0
1164,16.0
1165,58.0
1166,24.0
1167,24.0
1168,10.0
1169,22.0
1170,37.0
1171,15.0
1172,12.0
1173,16.0
1174,61.0
1175,38.0
1176,29.0
1177,18.0
1178,16.0
1179,21.0
1180,15.0
1181,12.0
1182,30.0
1183,15.0
1184,22.0
1185,13.0
1186,16.0
1187,21.0
1188,46.0
1189,15.0
1190,20.0
1191,19.0
1192,52.0
1193,13.0
1194,14.0
1195,22.0
1196,27.0
1197,32.0
1198,34.0
1199,16.0
1200,12.0
1201,13.0
1202,60.0
1203,18.0
1204,32.0
1205,37.0
1206,14.0
1207,24.0
1208,16.0
1209,9.0
1210,24.0
1211,28.0
1212,20.0
1213,26.0
1214,13.0
1215,28.0
1216,26.0
1217,11.0
1218,12.0
1219,11.0
1220,21.0
1221,11.0
1222,14.0
1223,14.0
1224,18.0
1225,12.0
1226,13.0
1227,11.0
1228,19.0
1229,21.0
1230,15.0
1231,37.0
1232,13.0
1233,15.0
1234,14.0
1235,17.0
1236,14.0
1237,18.0
1238,12.0
1239,17.0
1240,30.0
1241,11.0
1242,24.0
1243,12.0
1244,11.0
1245,38.0
1246,17.0
1247,14.0
1248,12.0
1249,18.0
1250,23.0
1251,18.0
1252,12.0
1253,10.0
1254,14.0
1255,34.0
1256,16.0
1257,42.0
1258,30.0
1259,36.0
1260,25.0
1261,29.0
1262,46.0
1263,12.0
1264,15.0
1265,16.0
1266,14.0
1267,35.0
1268,16.0
1269,11.0
1270,9.0
1271,19.0
1272,21.0
1273,21.0
1274,12.0
1275,30.0
1276,13.0
1277,11.0
1278,24.0
1279,13.0
1280,34.0
1281,18.0
1282,21.0
1283,42.0
1284,33.0
1285,15.0
1286,28.0
1287,15.0
1288,14.0
1289,12.0
1290,34.0
1291,9.0
1292,105.0
1293,30.0
1294,18.0
1295,34.0
1296,17.0
1297,9.0
1298,29.0
1299,23.0
1300,19.0
1301,12.0
1302,14.0
1303,30.0
1304,12.0
1305,18.0
1306,14.0
1307,10.0
1308,12.0
1309,19.0
1310,18.0
1311,21.0
1312,12.0
1313,24.0
1314,24.0
1315,13.0
1316,27.0
1317,15.0
1318,11.0
1319,22.0
1320,16.0
1321,23.0
1322,19.0
1323,16.0
1324,20.0
1325,16.0
1326,30.0
1327,17.0
1328,14.0
1329,18.0
1330,18.0
1331,12.0
1332,44.0
1333,78.0
1334,30.0
1335,14.0
1336,22.0
1337,13.0
1338,17.0
1339,25.0
1340,17.0
1341,13.0
1342,12.0
1343,22.0
1344,20.0
1345,15.0
1346,19.0
1347,13.0
1348,16.0
1349,59.0
1350,23.0
1351,12.0
1352,27.0
1353,49.0
1354,16.0
1355,20.0
1356,24.0
1357,11.0
1358,52.0
1359,22.0
1360,12.0
1361,16.0
1362,26.0
1363,13.0
1364,15.0
1365,14.0
1366,33.0
1367,51.0
1368,13.0
1369,20.0
1370,19.0
1371,21.0
1372,20.0
1373,14.0
1374,12.0
1375,14.0
1376,18.0
1377,15.0
1378,18.0
1379,15.0
1380,33.0
1381,73.0
1382,26.0
1383,10.0
1384,30.0
1385,13.0
1386,20.0
1387,24.0
1388,51.0
1389,66.0
1390,16.0
1391,49.0
1392,11.0
1393,11.0
1394,14.0
1395,14.0
1396,48.0
1397,20.0
1398,33.0
1399,14.0
1400,16.0
1401,17.0
1402,21.0
1403,12.0
1404,49.0
1405,17.0
1406,22.0
1407,12.0
1408,22.0
1409,13.0
1410,28.0
1411,76.0
1412,9.0
1413,29.0
1414,24.0
1415,42.0
1416,19.0
1417,14.0
1418,43.0
1419,11.0
1420,22.0
1421,32.0
1422,40.0
1423,24.0
1424,27.0
1425,30.0
1426,42.0
1427,15.0
1428,15.0
1429,14.0
1430,18.0
1431,10.0
1432,22.0
1433,18.0
1434,24.0
1435,14.0
1436,20.0
1437,17.0
1438,37.0
1439,16.0
1440,22.0
1441,32.0
1442,32.0
1443,22.0
1444,14.0
1445,15.0
1446,16.0
1447,56.0
1448,12.0
1449,19.0
1450,12.0
1451,34.0
1452,33.0
1453,14.0
1454,16.0
1455,12.0
1456,18.0
1457,26.0
1458,12.0
1459,11.0
1460,21.0
1461,15.0
1462,12.0
1463,17.0
1464,22.0
1465,19.0
1466,14.0
1467,12.0
1468,10.0
1469,33.0
1470,38.0
1471,14.0
1472,29.0
1473,30.0
1474,12.0
1475,52.0
1476,15.0
1477,17.0
1478,33.0
1479,11.0
1480,29.0
1481,25.0
1482,10.0
1483,18.0
1484,14.0
1485,19.0
1486,14.0
1487,44.0
1488,15.0
1489,60.0
1490,22.0
1491,12.0
1492,21.0
1493,19.0
1494,37.0
1495,16.0
1496,17.0
1497,21.0
1498,18.0
1499,20.0
1500,16.0
1501,24.0
1502,44.0
1503,10.0
1504,27.0
1505,20.0
1506,15.0
1507,21.0
1508,14.0
1509,30.0
1510,15.0
1511,19.0
1512,11.0
1513,16.0
1514,24.0
1515,17.0
1516,23.0
1517,44.0
1518,13.0
1519,15.0
1520,11.0
1521,16.0
1522,15.0
1523,15.0
1524,24.0
1525,48.0
1526,17.0
1527,11.0
1528,19.0
1529,20.0
1530,9.0
1531,19.0
1532,30.0
1533,13.0
1534,17.0
1535,12.0
1536,25.0
1537,44.0
1538,16.0
1539,11.0
1540,20.0
1541,11.0
1542,14.0
1543,23.0
1544,20.0
1545,35.0
1546,13.0
1547,54.0
1548,21.0
1549,11.0
1550,13.0
1551,9.0
1552,32.0
1553,14.0
1554,16.0
1555,9.0
1556,23.0
1557,11.0
1558,12.0
1559,38.0
1560,16.0
1561,30.0
1562,17.0
1563,11.0
1564,42.0
1565,14.0
1566,22.0
1567,10.0
1568,18.0
1569,16.0
1570,9.0
1571,21.0
1572,44.0
1573,28.0
1574,16.0
1575,8.0
1576,17.0
1577,20.0
1578,32.0
1579,23.0
1580,13.0
1581,12.0
1582,19.0
1583,16.0
1584,12.0
1585,40.0
1586,10.0
1587,16.0
1588,17.0
1589,12.0
1590,9.0
1591,17.0
1592,12.0
1593,10.0
1594,29.0
1595,16.0
1596,13.0
1597,12.0
1598,20.0
1599,13.0
1600,22.0
1601,11.0
1602,16.0
1603,13.0
1604,12.0
1605,30.0
1606,26.0
1607,21.0
1608,11.0
1609,20.0
1610,15.0
1611,25.0
1612,30.0
1613,48.0
1614,16.0
1615,32.0
1616,10.0
1617,23.0
1618,21.0
1619,20.0
1620,16.0
1621,17.0
1622,29.0
1623,11.0
1624,10.0
1625,17.0
1626,20.0
1627,35.0
1628,27.0
1629,21.0
1630,20.0
1631,13.0
1632,19.0
1633,41.0
1634,27.0
1635,13.0
1636,19.0
1637,10.0
1638,28.0
1639,17.0
1640,26.0
1641,13.0
1642,20.0
1643,11.0
1644,13.0
1645,18.0
1646,23.0
1647,12.0
1648,15.0
1649,113.0
1650,15.0
1651,15.0
1652,22.0
1653,16.0
1654,13.0
1655,14.0
1656,12.0
1657,18.0
1658,20.0
1659,27.0
1660,21.0
1661,12.0
1662,34.0
1663,11.0
1664,11.0
1665,32.0
1666,19.0
1667,10.0
1668,22.0
1669,18.0
1670,24.0
1671,13.0
1672,18.0
1673,15.0
1674,17.0
1675,26.0
1676,17.0
1677,24.0
1678,19.0
1679,36.0
1680,18.0
1681,14.0
1682,19.0
1683,24.0
1684,12.0
1685,15.0
1686,18.0
1687,36.0
1688,19.0
1689,20.0
1690,21.0
1691,11.0
1692,48.0
1693,16.0
1694,10.0
1695,11.0
1696,17.0
1697,26.0
1698,32.0
1699,11.0
1700,17.0
1701,10.0
1702,46.0
1703,14.0
1704,36.0
1705,17.0
1706,15.0
1707,29.0
1708,33.0
1709,18.0
1710,15.0
1711,12.0
1712,17.0
1713,57.0
1714,10.0
1715,12.0
1716,35.0
1717,15.0
1718,38.0
1719,11.0
1720,14.0
1721,44.0
1722,35.0
1723,20.0
1724,53.0
1725,23.0
1726,17.0
1727,14.0
1728,29.0
1729,19.0
1730,10.0
1731,61.0
1732,14.0
1733,14.0
1734,15.0
1735,28.0
1736,28.0
1737,21.0
1738,34.0
1739,12.0
1740,12.0
1741,51.0
1742,13.0
1743,13.0
1744,12.0
1745,33.0
1746,21.0
1747,12.0
1748,8.0
1749,11.0
1750,75.0
1751,23.0
1752,18.0
1753,14.0
1754,18.0
1755,20.0
1756,35.0
1757,20.0
1758,13.0
1759,14.0
1760,18.0
1761,12.0
1762,12.0
1763,27.0
1764,18.0
1765,39.0
1766,23.0
1767,12.0
1768,13.0
1769,24.0
1770,14.0
1771,33.0
1772,13.0
1773,10.0
1774,29.0
1775,14.0
1776,14.0
1777,19.0
1778,12.0
1779,20.0
1780,13.0
1781,27.0
1782,15.0
1783,89.0
1784,62.0
1785,20.0
1786,13.0
1787,25.0
1788,29.0
1789,22.0
1790,15.0
1791,15.0
1792,40.0
1793,13.0
1794,13.0
1795,11.0
1796,15.0
1797,43.0
1798,33.0
1799,34.0
1800,16.0
1801,16.0
1802,20.0
1803,13.0
1804,21.0
1805,16.0
1806,12.0
1807,23.0
1808,20.0
1809,20.0
1810,12.0
1811,16.0
1812,10.0
1813,16.0
1814,15.0
1815,25.0
1816,11.0
1817,16.0
1818,29.0
1819,25.0
1820,11.0
1821,15.0
1822,18.0
1823,12.0
1824,33.0
1825,14.0
1826,36.0
1827,36.0
1828,35.0
1829,15.0
1830,12.0
1831,51.0
1832,23.0
1833,10.0
1834,24.0
1835,14.0
1836,34.0
1837,17.0
1838,15.0
1839,12.0
1840,19.0
1841,29.0
1842,13.0
1843,12.0
1844,12.0
1845,16.0
1846,10.0
1847,21.0
1848,27.0
1849,10.0
1850,17.0
1851,21.0
1852,22.0
1853,14.0
1854,29.0
1855,17.0
1856,23.0
1857,19.0
1858,15.0
1859,32.0
1860,18.0
1861,14.0
1862,13.0
1863,15.0
1864,17.0
1865,18.0
1866,17.0
1867,44.0
1868,10.0
1869,46.0
1870,35.0
1871,11.0
1872,33.0
1873,27.0
1874,62.0
1875,39.0
1876,24.0
1877,18.0
1878,12.0
1879,9.0
1880,28.0
1881,23.0
1882,11.0
1883,35.0
1884,13.0
1885,11.0
1886,19.0
1887,15.0
1888,28.0
1889,11.0
1890,11.0
1891,27.0
1892,11.0
1893,23.0
1894,15.0
1895,29.0
1896,15.0
1897,22.0
1898,17.0
1899,12.0
1900,18.0
1901,12.0
1902,19.0
1903,31.0
1904,21.0
1905,20.0
1906,18.0
1907,13.0
1908,11.0
1909,41.0
1910,13.0
1911,10.0
1912,54.0
1913,15.0
1914,37.0
1915,18.0
1916,13.0
1917,16.0
1918,13.0
1919,36.0
1920,38.0
1921,16.0
1922,22.0
1923,16.0
1924,23.0
1925,33.0
1926,16.0
1927,14.0
1928,22.0
1929,34.0
1930,13.0
1931,22.0
1932,24.0
1933,14.0
1934,43.0
1935,20.0
1936,9.0
1937,32.0
1938,23.0
1939,17.0
1940,20.0
1941,55.0
1942,36.0
1943,11.0
1944,41.0
1945,18.0
1946,12.0
1947,62.0
1948,35.0
1949,20.0
1950,12.0
1951,42.0
1952,26.0
1953,32.0
1954,28.0
1955,21.0
1956,12.0
1957,27.0
1958,11.0
1959,15.0
1960,13.0
1961,28.0
1962,10.0
1963,15.0
1964,8.0
1965,21.0
1966,18.0
1967,17.0
1968,42.0
1969,13.0
1970,14.0
1971,18.0
1972,12.0
1973,15.0
1974,25.0
1975,47.0
1976,12.0
1977,12.0
1978,48.0
1979,14.0
1980,51.0
1981,48.0
1982,25.0
1983,16.0
1984,12.0
1985,17.0
1986,11.0
1987,14.0
1988,21.0
1989,25.0
1990,12.0
1991,29.0
1992,29.0
1993,13.0
1994,13.0
1995,10.0
1996,13.0
1997,12.0
1998,24.0
1999,11.0
2000,31.0
2001,12.0
2002,27.0
2003,22.0
2004,14.0
2005,18.0
2006,37.0
2007,13.0
2008,14.0
2009,26.0
2010,33.0
2011,33.0
2012,28.0
2013,19.0
2014,14.0
2015,18.0
2016,13.0
2017,11.0
2018,34.0
2019,19.0
2020,16.0
2021,14.0
2022,12.0
2023,19.0
2024,18.0
2025,21.0
2026,15.0
2027,17.0
2028,11.0
2029,15.0
2030,69.0
2031,43.0
2032,12.0
2033,21.0
2034,12.0
2035,17.0
2036,11.0
2037,47.0
2038,12.0
2039,37.0
2040,30.0
2041,67.0
2042,31.0
2043,39.0
2044,22.0
2045,14.0
2046,31.0
2047,13.0
2048,19.0
2049,32.0
2050,20.0
2051,17.0
2052,25.0
2053,11.0
2054,17.0
2055,46.0
2056,12.0
2057,23.0
2058,26.0
2059,21.0
2060,20.0
2061,90.0
2062,21.0
2063,12.0
2064,46.0
2065,16.0
2066,15.0
2067,19.0
2068,38.0
2069,53.0
2070,15.0
2071,31.0
2072,16.0
2073,13.0
2074,33.0
2075,12.0
2076,12.0
2077,13.0
2078,27.0
2079,59.0
2080,13.0
2081,26.0
2082,38.0
2083,13.0
2084,16.0
2085,18.0
2086,11.0
2087,27.0
2088,15.0
2089,18.0
2090,20.0
2091,15.0
2092,16.0
2093,12.0
2094,15.0
2095,20.0
2096,18.0
2097,23.0
2098,27.0
2099,13.0
2100,46.0
2101,53.0
2102,22.0
2103,13.0
2104,13.0
2105,19.0
2106,28.0
2107,29.0
2108,10.0
2109,12.0
2110,23.0
2111,29.0
2112,72.0
2113,16.0
2114,15.0
2115,11.0
2116,18.0
2117,18.0
2118,29.0
2119,14.0
2120,18.0
2121,10.0
2122,11.0
2123,37.0
2124,42.0
2125,22.0
2126,14.0
2127,10.0
2128,16.0
2129,22.0
2130,13.0
2131,21.0
2132,46.0
2133,32.0
2134,13.0
2135,13.0
2136,12.0
2137,17.0
2138,20.0
2139,23.0
2140,14.0
2141,19.0
2142,13.0
2143,12.0
2144,12.0
2145,15.0
2146,46.0
2147,18.0
2148,10.0
2149,16.0
2150,83.0
2151,21.0
2152,18.0
2153,27.0
2154,17.0
2155,12.0
2156,14.0
2157,15.0
2158,71.0
2159,26.0
2160,57.0
2161,82.0
2162,15.0
2163,23.0
2164,21.0
2165,14.0
2166,27.0
2167,11.0
2168,10.0
2169,15.0
2170,32.0
2171,14.0
2172,19.0
2173,25.0
2174,38.0
2175,19.0
2176,10.0
2177,16.0
2178,19.0
2179,61.0
2180,45.0
2181,9.0
2182,22.0
2183,18.0
2184,14.0
2185,19.0
2186,13.0
2187,39.0
2188,11.0
2189,14.0
2190,25.0
2191,24.0
2192,17.0
2193,14.0
2194,18.0
2195,18.0
2196,11.0
2197,13.0
2198,15.0
2199,19.0
2200,34.0
2201,67.0
2202,16.0
2203,33.0
2204,15.0
2205,15.0
2206,21.0
2207,9.0
2208,20.0
2209,19.0
2210,19.0
2211,20.0
2212,14.0
2213,17.0
2214,32.0
2215,18.0
2216,54.0
2217,38.0
2218,19.0
2219,16.0
2220,29.0
2221,27.0
2222,65.0
2223,14.0
2224,18.0
2225,18.0
2226,11.0
2227,16.0
2228,19.0
2229,26.0
2230,14.0
2231,12.0
2232,12.0
2233,13.0
2234,12.0
2235,9.0
2236,16.0
2237,29.0
2238,22.0
2239,12.0
2240,28.0
2241,16.0
2242,38.0
2243,16.0
2244,9.0
2245,13.0
2246,43.0
2247,38.0
2248,19.0
2249,13.0
2250,20.0
2251,28.0
2252,12.0
2253,16.0
2254,34.0
2255,13.0
2256,11.0
2257,12.0
2258,11.0
2259,11.0
2260,12.0
2261,15.0
2262,13.0
2263,38.0
2264,18.0
2265,14.0
2266,15.0
2267,12.0
2268,11.0
2269,15.0
2270,9.0
2271,20.0
2272,17.0
2273,18.0
2274,13.0
2275,38.0
2276,23.0
2277,18.0
2278,15.0
2279,11.0
2280,22.0
2281,50.0
2282,15.0
2283,40.0
2284,37.0
2285,17.0
2286,38.0
2287,51.0
2288,48.0
2289,55.0
2290,28.0
2291,49.0
2292,10.0
2293,12.0
2294,16.0
2295,29.0
2296,18.0
2297,15.0
2298,52.0
2299,13.0
2300,14.0
2301,120.0
2302,142.0
2303,15.0
2304,27.0
2305,27.0
2306,17.0
2307,16.0
2308,33.0
2309,33.0
2310,34.0
2311,22.0
2312,20.0
2313,55.0
2314,20.0
2315,42.0
2316,26.0
2317,90.0
2318,15.0
2319,22.0
2320,32.0
2321,27.0
2322,37.0
2323,36.0
2324,93.0
2325,27.0
2326,13.0
2327,15.0
2328,41.0
2329,16.0
2330,11.0
2331,18.0
2332,27.0
2333,13.0
2334,91.0
2335,18.0
2336,31.0
2337,20.0
2338,16.0
2339,13.0
2340,16.0
2341,15.0
2342,12.0
2343,17.0
2344,55.0
2345,54.0
2346,50.0
2347,15.0
2348,111.0
2349,16.0
2350,41.0
2351,16.0
2352,16.0
2353,55.0
2354,14.0
2355,67.0
2356,14.0
2357,79.0
2358,14.0
2359,31.0
2360,26.0
2361,13.0
2362,23.0
2363,55.0
2364,59.0
2365,17.0
2366,18.0
2367,46.0
2368,15.0
2369,52.0
2370,21.0
2371,14.0
2372,13.0
2373,17.0
2374,12.0
2375,21.0
2376,11.0
2377,13.0
2378,23.0
2379,83.0
2380,52.0
2381,24.0
2382,12.0
2383,57.0
2384,33.0
2385,26.0
2386,12.0
2387,22.0
2388,21.0
2389,26.0
2390,20.0
2391,32.0
2392,10.0
2393,43.0
2394,38.0
2395,14.0
2396,25.0
2397,16.0
2398,17.0
2399,37.0
2400,10.0
2401,12.0
2402,60.0
2403,26.0
2404,10.0
2405,21.0
2406,30.0
2407,16.0
2408,11.0
2409,14.0
2410,13.0
2411,47.0
2412,36.0
2413,14.0
2414,19.0
2415,14.0
2416,17.0
2417,10.0
2418,14.0
2419,18.0
2420,16.0
2421,12.0
2422,90.0
2423,49.0
2424,29.0
2425,18.0
2426,10.0
2427,20.0
2428,14.0
2429,60.0
2430,20.0
2431,20.0
2432,62.0
2433,119.0
2434,25.0
2435,14.0
2436,15.0
2437,18.0
2438,50.0
2439,31.0
2440,13.0
2441,21.0
2442,10.0
2443,42.0
2444,23.0
2445,27.0
2446,20.0
2447,10.0
2448,35.0
2449,77.0
2450,24.0
2451,10.0
2452,19.0
2453,38.0
2454,20.0
2455,22.0
2456,34.0
2457,30.0
2458,20.0
2459,14.0
2460,18.0
2461,10.0
2462,16.0
2463,85.0
2464,17.0
2465,9.0
2466,35.0
2467,11.0
2468,17.0
2469,25.0
2470,14.0
2471,16.0
2472,31.0
2473,23.0
2474,16.0
2475,28.0
2476,23.0
2477,33.0
2478,17.0
2479,51.0
2480,81.0
2481,18.0
2482,36.0
2483,19.0
2484,12.0
2485,20.0
2486,13.0
2487,12.0
2488,21.0
2489,14.0
2490,12.0
2491,19.0
2492,23.0
2493,55.0
2494,17.0
2495,56.0
2496,14.0
2497,17.0
2498,15.0
2499,39.0
2500,18.0
2501,24.0
2502,24.0
2503,35.0
2504,88.0
2505,27.0
2506,30.0
2507,24.0
2508,18.0
2509,97.0
2510,10.0
2511,40.0
2512,11.0
2513,15.0
2514,47.0
2515,42.0
2516,85.0
2517,12.0
2518,30.0
2519,45.0
2520,70.0
2521,26.0
2522,19.0
2523,54.0
2524,28.0
2525,52.0
2526,10.0
2527,10.0
2528,28.0
2529,48.0
2530,49.0
2531,25.0
2532,24.0
2533,10.0
2534,35.0
2535,43.0
2536,19.0
2537,14.0
2538,20.0
2539,17.0
2540,17.0
2541,42.0
2542,16.0
2543,13.0
2544,13.0
2545,16.0
2546,10.0
2547,25.0
2548,20.0
2549,43.0
2550,39.0
2551,60.0
2552,15.0
2553,28.0
2554,40.0
2555,23.0
2556,38.0
2557,29.0
2558,19.0
2559,15.0
2560,16.0
2561,15.0
2562,14.0
2563,18.0
2564,23.0
2565,14.0
2566,20.0
2567,23.0
2568,18.0
2569,26.0
2570,13.0
2571,29.0
2572,19.0
2573,18.0
2574,18.0
2575,13.0
2576,21.0
2577,22.0
2578,27.0
2579,59.0
2580,15.0
2581,15.0
2582,32.0
2583,46.0
2584,13.0
2585,30.0
2586,63.0
2587,36.0
2588,38.0
2589,28.0
2590,34.0
2591,16.0
2592,13.0
2593,38.0
2594,39.0
2595,76.0
2596,26.0
2597,15.0
2598,29.0
2599,25.0
2600,36.0
2601,35.0
2602,15.0
2603,27.0
2604,28.0
2605,22.0
2606,12.0
2607,21.0
2608,15.0
2609,13.0
2610,33.0
2611,13.0
2612,58.0
2613,19.0
2614,14.0
2615,13.0
2616,25.0
2617,44.0
2618,46.0
2619,63.0
2620,33.0
2621,21.0
2622,105.0
2623,27.0
2624,16.0
2625,59.0
2626,10.0
2627,29.0
2628,14.0
2629,16.0
2630,15.0
2631,21.0
2632,43.0
2633,64.0
2634,25.0
2635,20.0
2636,29.0
2637,84.0
2638,44.0
2639,24.0
2640,44.0
2641,21.0
2642,17.0
2643,19.0
2644,34.0
2645,15.0
2646,30.0
2647,30.0
2648,42.0
2649,15.0
2650,14.0
2651,21.0
2652,46.0
2653,27.0
2654,30.0
2655,27.0
2656,19.0
2657,29.0
2658,34.0
2659,73.0
2660,98.0
2661,22.0
2662,59.0
2663,41.0
2664,24.0
2665,13.0
2666,103.0
2667,15.0
2668,12.0
2669,46.0
2670,11.0
2671,17.0
2672,43.0
2673,18.0
2674,21.0
2675,21.0
2676,21.0
2677,13.0
2678,18.0
2679,14.0
2680,98.0
2681,14.0
2682,18.0
2683,12.0
2684,32.0
2685,39.0
2686,11.0
2687,14.0
2688,41.0
2689,15.0
2690,24.0
2691,14.0
2692,42.0
2693,28.0
2694,16.0
2695,11.0
2696,13.0
2697,15.0
2698,25.0
2699,13.0
2700,49.0
2701,51.0
2702,52.0
2703,22.0
2704,18.0
2705,56.0
2706,37.0
2707,36.0
2708,13.0
2709,15.0
2710,13.0
2711,11.0
2712,69.0
2713,29.0
2714,10.0
2715,33.0
2716,9.0
2717,13.0
2718,25.0
2719,41.0
2720,53.0
2721,31.0
2722,13.0
2723,37.0
2724,16.0
2725,11.0
2726,16.0
2727,25.0
2728,32.0
2729,25.0
2730,12.0
2731,24.0
2732,58.0
2733,18.0
2734,26.0
2735,52.0
2736,66.0
2737,25.0
2738,34.0
2739,18.0
2740,10.0
2741,12.0
2742,72.0
2743,13.0
2744,12.0
2745,73.0
2746,20.0
2747,11.0
2748,22.0
2749,57.0
2750,24.0
2751,32.0
2752,21.0
2753,108.0
2754,25.0
2755,16.0
2756,60.0
2757,16.0
2758,41.0
2759,12.0
2760,27.0
2761,143.0
2762,18.0
2763,11.0
2764,67.0
2765,28.0
2766,28.0
2767,12.0
2768,29.0
2769,120.0
2770,13.0
2771,27.0
2772,30.0
2773,20.0
2774,11.0
2775,25.0
2776,77.0
2777,11.0
2778,79.0
2779,56.0
2780,12.0
2781,25.0
2782,15.0
2783,37.0
2784,18.0
2785,20.0
2786,54.0
2787,28.0
2788,16.0
2789,14.0
2790,64.0
2791,17.0
2792,13.0
2793,15.0
2794,20.0
2795,28.0
2796,12.0
2797,12.0
2798,36.0
2799,14.0
2800,34.0
2801,115.0
2802,24.0
2803,8.0
2804,43.0
2805,43.0
2806,17.0
2807,74.0
2808,62.0
2809,25.0
2810,40.0
2811,14.0
2812,20.0
2813,29.0
2814,18.0
2815,35.0
2816,38.0
2817,27.0
2818,15.0
2819,21.0
2820,20.0
2821,14.0
2822,71.0
2823,19.0
2824,37.0
2825,37.0
2826,42.0
2827,13.0
2828,31.0
2829,23.0
2830,30.0
2831,12.0
2832,22.0
2833,48.0
2834,11.0
2835,46.0
2836,17.0
2837,21.0
2838,12.0
2839,10.0
2840,13.0
2841,23.0
2842,16.0
2843,21.0
2844,14.0
2845,50.0
2846,37.0
2847,30.0
2848,10.0
2849,58.0
2850,57.0
2851,62.0
2852,11.0
2853,20.0
2854,60.0
2855,22.0
2856,13.0
2857,39.0
2858,14.0
2859,22.0
2860,23.0
2861,10.0
2862,15.0
2863,34.0
2864,37.0
2865,55.0
2866,57.0
2867,18.0
2868,19.0
2869,22.0
2870,41.0
2871,15.0
2872,18.0
2873,18.0
2874,10.0
2875,14.0
2876,56.0
2877,37.0
2878,57.0
2879,21.0
2880,40.0
2881,14.0
2882,16.0
2883,30.0
2884,11.0
2885,27.0
2886,12.0
2887,15.0
2888,14.0
2889,17.0
2890,30.0
2891,19.0
2892,22.0
2893,14.0
2894,43.0
2895,25.0
2896,38.0
2897,43.0
2898,20.0
2899,54.0
2900,36.0
2901,63.0
2902,22.0
2903,83.0
2904,10.0
2905,24.0
2906,18.0
2907,64.0
2908,14.0
2909,11.0
2910,78.0
2911,14.0
2912,34.0
2913,18.0
2914,17.0
2915,52.0
2916,11.0
2917,19.0
2918,14.0
2919,50.0
2920,70.0
2921,18.0
2922,15.0
2923,24.0
2924,18.0
2925,18.0
2926,50.0
2927,25.0
2928,11.0
2929,22.0
2930,39.0
2931,42.0
2932,13.0
2933,13.0
2934,59.0
2935,30.0
2936,18.0
2937,17.0
2938,42.0
2939,42.0
2940,85.0
2941,24.0
2942,24.0
2943,24.0
2944,33.0
2945,17.0
2946,18.0
2947,16.0
2948,38.0
2949,47.0
2950,15.0
2951,27.0
2952,91.0
2953,15.0
2954,43.0
2955,23.0
2956,28.0
2957,74.0
2958,17.0
2959,19.0
2960,48.0
2961,34.0
2962,39.0
2963,21.0
2964,91.0
2965,53.0
2966,27.0
2967,16.0
2968,37.0
2969,69.0
2970,30.0
2971,13.0
2972,35.0
2973,13.0
2974,33.0
2975,44.0
2976,21.0
2977,56.0
2978,117.0
2979,25.0
2980,27.0
2981,27.0
2982,43.0
2983,16.0
2984,36.0
2985,27.0
2986,94.0
2987,13.0
2988,22.0
2989,28.0
2990,22.0
2991,145.0
2992,37.0
2993,43.0
2994,31.0
2995,20.0
2996,62.0
2997,33.0
2998,17.0
2999,45.0
3000,22.0
3001,30.0
3002,44.0
3003,35.0
3004,19.0
3005,21.0
3006,41.0
3007,34.0
3008,95.0
3009,13.0
3010,13.0
3011,38.0
3012,77.0
3013,35.0
3014,53.0
3015,31.0
3016,60.0
3017,30.0
3018,12.0
3019,14.0
3020,12.0
3021,33.0
3022,20.0
3023,42.0
3024,34.0
3025,16.0
3026,30.0
3027,28.0
3028,21.0
3029,37.0
3030,36.0
3031,26.0
3032,80.0
3033,44.0
3034,36.0
3035,22.0
3036,19.0
3037,39.0
3038,17.0
3039,80.0
3040,38.0
3041,26.0
3042,13.0
3043,13.0
3044,18.0
3045,14.0
3046,27.0
3047,46.0
3048,11.0
3049,15.0
3050,30.0
3051,14.0
3052,69.0
3053,14.0
3054,12.0
3055,47.0
3056,20.0
3057,119.0
3058,19.0
3059,49.0
3060,21.0
3061,15.0
3062,35.0
3063,33.0
3064,63.0
3065,19.0
3066,11.0
3067,13.0
3068,16.0
3069,61.0
3070,43.0
3071,10.0
3072,9.0
3073,11.0
3074,20.0
3075,37.0
3076,45.0
3077,23.0
3078,67.0
3079,62.0
3080,15.0
3081,51.0
3082,29.0
3083,33.0
3084,48.0
3085,36.0
3086,28.0
3087,32.0
3088,14.0
3089,44.0
3090,65.0
3091,55.0
3092,13.0
3093,25.0
3094,71.0
3095,41.0
3096,64.0
3097,78.0
3098,30.0
3099,26.0
3100,34.0
3101,53.0
3102,17.0
3103,22.0
3104,17.0
3105,12.0
3106,62.0
3107,18.0
3108,46.0
3109,22.0
3110,23.0
3111,73.0
3112,22.0
3113,11.0
3114,40.0
3115,11.0
3116,31.0
3117,29.0
3118,26.0
3119,18.0
3120,27.0
3121,32.0
3122,37.0
3123,40.0
3124,36.0
3125,88.0
3126,13.0
3127,24.0
3128,41.0
3129,11.0
3130,59.0
3131,30.0
3132,31.0
3133,36.0
3134,18.0
3135,77.0
3136,21.0
3137,12.0
3138,20.0
3139,24.0
3140,99.0
3141,19.0
3142,44.0
3143,18.0
3144,34.0
3145,18.0
3146,70.0
3147,36.0
3148,44.0
3149,23.0
3150,15.0
3151,45.0
3152,12.0
3153,40.0
3154,39.0
3155,58.0
3156,46.0
3157,29.0
3158,30.0
3159,13.0
3160,70.0
3161,32.0
3162,15.0
3163,62.0
3164,72.0
3165,13.0
3166,16.0
3167,42.0
3168,11.0
3169,36.0
3170,28.0
3171,15.0
3172,129.0
3173,32.0
3174,16.0
3175,19.0
3176,21.0
3177,24.0
3178,19.0
3179,24.0
3180,25.0
3181,39.0
3182,21.0
3183,10.0
3184,18.0
3185,52.0
3186,25.0
3187,107.0
3188,26.0
3189,10.0
3190,101.0
3191,17.0
3192,16.0
3193,56.0
3194,20.0
3195,45.0
3196,16.0
3197,72.0
3198,18.0
3199,13.0
3200,25.0
3201,36.0
3202,14.0
3203,106.0
3204,23.0
3205,20.0
3206,14.0
3207,15.0
3208,52.0
3209,73.0
3210,36.0
3211,61.0
3212,74.0
3213,17.0
3214,52.0
3215,51.0
3216,15.0
3217,23.0
3218,21.0
3219,43.0
3220,45.0
3221,14.0
3222,23.0
3223,38.0
3224,35.0
3225,46.0
3226,126.0
3227,22.0
3228,17.0
3229,80.0
3230,15.0
3231,43.0
3232,11.0
3233,28.0
3234,14.0
3235,24.0
3236,30.0
3237,23.0
3238,51.0
3239,62.0
3240,16.0
3241,24.0
3242,19.0
3243,35.0
3244,39.0
3245,19.0
3246,73.0
3247,48.0
3248,15.0
3249,106.0
3250,38.0
3251,27.0
3252,57.0
3253,29.0
3254,17.0
3255,64.0
3256,18.0
3257,39.0
3258,18.0
3259,15.0
3260,20.0
3261,15.0
3262,30.0
3263,16.0
3264,31.0
3265,11.0
3266,43.0
3267,32.0
3268,66.0
3269,47.0
3270,22.0
3271,13.0
3272,23.0
3273,45.0
3274,13.0
3275,41.0
3276,96.0
3277,14.0
3278,24.0
3279,37.0
3280,15.0
3281,59.0
3282,12.0
3283,44.0
3284,30.0
3285,34.0
3286,114.0
3287,10.0
3288,14.0
3289,51.0
3290,10.0
3291,21.0
3292,22.0
3293,13.0
3294,38.0
3295,65.0
3296,30.0
3297,23.0
3298,18.0
3299,14.0
3300,13.0
3301,24.0
3302,20.0
3303,65.0
3304,24.0
3305,36.0
3306,32.0
3307,29.0
3308,24.0
3309,26.0
3310,57.0
3311,12.0
3312,31.0
3313,22.0
3314,10.0
3315,17.0
3316,13.0
3317,11.0
3318,11.0
3319,40.0
3320,76.0
3321,31.0
3322,32.0
3323,31.0
3324,27.0
3325,141.0
3326,26.0
3327,15.0
3328,74.0
3329,15.0
3330,32.0
3331,26.0
3332,36.0
3333,12.0
3334,32.0
3335,16.0
3336,93.0
3337,18.0
3338,35.0
3339,21.0
3340,34.0
3341,26.0
3342,59.0
3343,49.0
3344,30.0
3345,41.0
3346,35.0
3347,20.0
3348,19.0
3349,47.0
3350,50.0
3351,45.0
3352,22.0
3353,24.0
3354,32.0
3355,18.0
3356,16.0
3357,9.0
3358,10.0
3359,52.0
3360,22.0
3361,41.0
3362,26.0
3363,33.0
3364,25.0
3365,19.0
3366,18.0
3367,30.0
3368,101.0
3369,65.0
3370,23.0
3371,17.0
3372,14.0
3373,17.0
3374,21.0
3375,13.0
3376,31.0
3377,17.0
3378,41.0
3379,30.0
3380,22.0
3381,22.0
3382,20.0
3383,18.0
3384,29.0
3385,34.0
3386,79.0
3387,17.0
3388,32.0
3389,37.0
3390,65.0
3391,34.0
3392,49.0
3393,112.0
3394,38.0
3395,13.0
3396,27.0
3397,35.0
3398,32.0
3399,13.0
3400,14.0
3401,11.0
3402,65.0
3403,16.0
3404,23.0
3405,17.0
3406,49.0
3407,21.0
3408,85.0
3409,91.0
3410,15.0
3411,18.0
3412,15.0
3413,12.0
3414,36.0
3415,11.0
3416,32.0
3417,24.0
3418,32.0
3419,19.0
3420,71.0
3421,41.0
3422,111.0
3423,14.0
3424,28.0
3425,22.0
3426,37.0
3427,43.0
3428,16.0
3429,13.0
3430,30.0
3431,43.0
3432,71.0
3433,26.0
3434,78.0
3435,33.0
3436,65.0
3437,55.0
3438,11.0
3439,52.0
3440,70.0
3441,69.0
3442,50.0
3443,21.0
3444,36.0
3445,18.0
3446,17.0
3447,37.0
3448,17.0
3449,21.0
3450,15.0
3451,10.0
3452,14.0
3453,14.0
3454,15.0
3455,13.0
3456,43.0
3457,12.0
3458,118.0
3459,54.0
3460,11.0
3461,19.0
3462,60.0
3463,13.0
3464,44.0
3465,28.0
3466,37.0
3467,22.0
3468,16.0
3469,60.0
3470,56.0
3471,46.0
3472,65.0
3473,31.0
3474,36.0
3475,29.0
3476,15.0
3477,16.0
3478,21.0
3479,12.0
3480,64.0
3481,111.0
3482,24.0
3483,27.0
3484,18.0
3485,25.0
3486,28.0
3487,85.0
3488,15.0
3489,10.0
3490,45.0
3491,33.0
3492,30.0
3493,38.0
3494,12.0
3495,76.0
3496,26.0
3497,21.0
3498,15.0
3499,49.0
3500,29.0
3501,35.0
3502,23.0
3503,28.0
3504,32.0
3505,24.0
3506,17.0
3507,34.0
3508,25.0
3509,48.0
3510,22.0
3511,44.0
3512,56.0
3513,135.0
3514,17.0
3515,74.0
3516,35.0
3517,159.0
3518,42.0
3519,19.0
3520,37.0
3521,15.0
3522,34.0
3523,11.0
3524,23.0
3525,51.0
3526,9.0
3527,58.0
3528,33.0
3529,121.0
3530,28.0
3531,72.0
3532,148.0
3533,16.0
3534,46.0
3535,47.0
3536,14.0
3537,26.0
3538,12.0
3539,31.0
3540,30.0
3541,64.0
3542,63.0
3543,74.0
3544,30.0
3545,16.0
3546,20.0
3547,34.0
3548,50.0
3549,43.0
3550,20.0
3551,15.0
3552,20.0
3553,19.0
3554,21.0
3555,17.0
3556,43.0
3557,19.0
3558,16.0
3559,12.0
3560,16.0
3561,35.0
3562,11.0
3563,60.0
3564,36.0
3565,12.0
3566,35.0
3567,65.0
3568,52.0
3569,18.0
3570,100.0
3571,25.0
3572,11.0
3573,59.0
3574,21.0
3575,12.0
3576,55.0
3577,35.0
3578,41.0
3579,60.0
3580,20.0
3581,51.0
3582,20.0
3583,12.0
3584,66.0
3585,13.0
3586,28.0
3587,30.0
3588,32.0
3589,49.0
3590,11.0
3591,28.0
3592,15.0
3593,16.0
3594,46.0
3595,15.0
3596,66.0
3597,23.0
3598,25.0
3599,12.0
3600,27.0
3601,49.0
3602,20.0
3603,67.0
3604,35.0
3605,65.0
3606,18.0
3607,32.0
3608,34.0
3609,34.0
3610,68.0
3611,19.0
3612,93.0
3613,22.0
3614,29.0
3615,61.0
3616,54.0
3617,41.0
3618,50.0
3619,10.0
3620,32.0
3621,36.0
3622,32.0
3623,46.0
3624,11.0
3625,17.0
3626,11.0
3627,18.0
3628,22.0
3629,18.0
3630,22.0
3631,11.0
3632,11.0
3633,14.0
3634,16.0
3635,42.0
3636,26.0
3637,25.0
3638,55.0
3639,44.0
3640,60.0
3641,16.0
3642,34.0
3643,22.0
3644,11.0
3645,22.0
3646,23.0
3647,29.0
3648,40.0
3649,58.0
3650,15.0
3651,29.0
3652,121.0
3653,42.0
3654,16.0
3655,10.0
3656,25.0
3657,17.0
3658,31.0
3659,19.0
3660,15.0
3661,62.0
3662,71.0
3663,67.0
3664,75.0
3665,17.0
3666,35.0
3667,12.0
3668,12.0
3669,48.0
3670,23.0
3671,15.0
3672,23.0
3673,18.0
3674,12.0
3675,43.0
3676,17.0
3677,31.0
3678,17.0
3679,24.0
3680,36.0
3681,22.0
3682,21.0
3683,13.0
3684,14.0
3685,23.0
3686,13.0
3687,44.0
3688,26.0
3689,44.0
3690,52.0
3691,22.0
3692,15.0
3693,25.0
3694,14.0
3695,12.0
3696,66.0
3697,34.0
3698,10.0
3699,10.0
3700,49.0
3701,19.0
3702,66.0
3703,50.0
3704,41.0
3705,13.0
3706,57.0
3707,21.0
3708,11.0
3709,31.0
3710,63.0
3711,44.0
3712,17.0
3713,44.0
3714,28.0
3715,11.0
3716,37.0
3717,12.0
3718,19.0
3719,35.0
3720,49.0
3721,26.0
3722,11.0
3723,38.0
3724,60.0
3725,10.0
3726,30.0
3727,14.0
3728,19.0
3729,14.0
3730,8.0
3731,20.0
3732,20.0
3733,46.0
3734,24.0
3735,13.0
3736,13.0
3737,18.0
3738,42.0
3739,97.0
3740,28.0
3741,100.0
3742,22.0
3743,14.0
3744,29.0
3745,15.0
3746,22.0
3747,30.0
3748,12.0
3749,35.0
3750,15.0
3751,21.0
3752,15.0
3753,29.0
3754,16.0
3755,32.0
3756,22.0
3757,92.0
3758,26.0
3759,27.0
3760,36.0
3761,15.0
3762,49.0
3763,12.0
3764,50.0
3765,75.0
3766,13.0
3767,27.0
3768,99.0
3769,30.0
3770,23.0
3771,30.0
3772,14.0
3773,30.0
3774,17.0
3775,47.0
3776,20.0
3777,26.0
3778,14.0
3779,15.0
3780,23.0
3781,15.0
3782,31.0
3783,23.0
3784,19.0
3785,14.0
3786,31.0
3787,20.0
3788,54.0
3789,12.0
3790,39.0
3791,39.0
3792,32.0
3793,13.0
3794,11.0
3795,17.0
3796,35.0
3797,41.0
3798,9.0
3799,45.0
3800,12.0
3801,17.0
3802,26.0
3803,23.0
3804,33.0
3805,42.0
3806,23.0
3807,11.0
3808,19.0
3809,9.0
3810,15.0
3811,20.0
3812,59.0
3813,16.0
3814,51.0
3815,83.0
3816,11.0
3817,33.0
3818,33.0
3819,76.0
3820,40.0
3821,16.0
3822,20.0
3823,11.0
3824,22.0
3825,52.0
3826,21.0
3827,52.0
3828,24.0
3829,19.0
3830,17.0
3831,38.0
3832,58.0
3833,40.0
3834,25.0
3835,18.0
3836,23.0
3837,37.0
3838,11.0
3839,34.0
3840,25.0
3841,48.0
3842,130.0
3843,10.0
3844,29.0
3845,17.0
3846,14.0
3847,75.0
3848,12.0
3849,10.0
3850,24.0
3851,27.0
3852,18.0
3853,34.0
3854,46.0
3855,12.0
3856,64.0
3857,26.0
3858,14.0
3859,23.0
3860,24.0
3861,24.0
3862,32.0
3863,33.0
3864,86.0
3865,16.0
3866,39.0
3867,27.0
3868,54.0
3869,41.0
3870,22.0
3871,13.0
3872,31.0
3873,14.0
3874,53.0
3875,21.0
3876,11.0
3877,94.0
3878,47.0
3879,14.0
3880,14.0
3881,13.0
3882,55.0
3883,32.0
3884,33.0
3885,26.0
3886,17.0
3887,19.0
3888,26.0
3889,93.0
3890,52.0
3891,10.0
3892,40.0
3893,39.0
3894,16.0
3895,48.0
3896,11.0
3897,12.0
3898,63.0
3899,39.0
3900,33.0
3901,45.0
3902,22.0
3903,55.0
3904,33.0
3905,22.0
3906,16.0
3907,18.0
3908,23.0
3909,22.0
3910,10.0
3911,15.0
3912,17.0
3913,44.0
3914,39.0
3915,13.0
3916,56.0
3917,26.0
3918,79.0
3919,73.0
3920,12.0
3921,36.0
3922,45.0
3923,23.0
3924,15.0
3925,91.0
3926,19.0
3927,18.0
3928,53.0
3929,21.0
3930,26.0
3931,47.0
3932,56.0
3933,29.0
3934,16.0
3935,18.0
3936,12.0
3937,38.0
3938,97.0
3939,26.0
3940,21.0
3941,23.0
3942,24.0
3943,14.0
3944,14.0
3945,20.0
3946,36.0
3947,29.0
3948,17.0
3949,15.0
3950,24.0
3951,19.0
3952,15.0
3953,9.0
3954,27.0
3955,33.0
3956,14.0
3957,22.0
3958,58.0
3959,27.0
3960,30.0
3961,31.0
3962,40.0
3963,16.0
3964,24.0
3965,21.0
3966,37.0
3967,17.0
3968,37.0
3969,71.0
3970,20.0
3971,25.0
3972,10.0
3973,19.0
3974,12.0
3975,22.0
3976,20.0
3977,61.0
3978,44.0
3979,31.0
3980,20.0
3981,18.0
3982,22.0
3983,15.0
3984,34.0
3985,23.0
3986,15.0
3987,19.0
3988,14.0
3989,21.0
3990,41.0
3991,80.0
3992,34.0
3993,19.0
3994,18.0
3995,32.0
3996,38.0
3997,24.0
3998,50.0
3999,99.0
4000,45.0
4001,24.0
4002,12.0
4003,45.0
4004,40.0
4005,38.0
4006,29.0
4007,13.0
4008,25.0
4009,19.0
4010,26.0
4011,29.0
4012,53.0
4013,45.0
4014,10.0
4015,59.0
4016,74.0
4017,16.0
4018,37.0
4019,17.0
4020,47.0
4021,57.0
4022,40.0
4023,51.0
4024,30.0
4025,34.0
4026,99.0
4027,21.0
4028,20.0
4029,20.0
4030,56.0
4031,66.0
4032,14.0
4033,28.0
4034,64.0
4035,77.0
4036,40.0
4037,57.0
4038,30.0
4039,18.0
4040,73.0
4041,18.0
4042,84.0
4043,45.0
4044,34.0
4045,19.0
4046,15.0
4047,54.0
4048,24.0
4049,69.0
4050,66.0
4051,34.0
4052,44.0
4053,48.0
4054,67.0
4055,15.0
4056,14.0
4057,13.0
4058,22.0
4059,39.0
4060,24.0
4061,18.0
4062,23.0
4063,19.0
4064,46.0
4065,17.0
4066,48.0
4067,20.0
4068,70.0
4069,41.0
4070,49.0
4071,12.0
4072,21.0
4073,20.0
4074,35.0
4075,16.0
4076,14.0
4077,21.0
4078,23.0
4079,41.0
4080,41.0
4081,14.0
4082,15.0
4083,102.0
4084,42.0
4085,33.0
4086,56.0
4087,27.0
4088,13.0
4089,29.0
4090,50.0
4091,17.0
4092,20.0
4093,15.0
4094,64.0
4095,34.0
4096,12.0
4097,67.0
4098,23.0
4099,24.0
4100,19.0
4101,17.0
4102,44.0
4103,35.0
4104,13.0
4105,70.0
4106,18.0
4107,25.0
4108,67.0
4109,50.0
4110,39.0
4111,23.0
4112,28.0
4113,17.0
4114,56.0
4115,16.0
4116,43.0
4117,54.0
4118,15.0
4119,16.0
4120,16.0
4121,60.0
4122,55.0
4123,24.0
4124,41.0
4125,54.0
4126,14.0
4127,71.0
4128,21.0
4129,16.0
4130,32.0
4131,29.0
4132,18.0
4133,55.0
4134,46.0
4135,17.0
4136,29.0
4137,47.0
4138,69.0
4139,26.0
4140,26.0
4141,19.0
4142,67.0
4143,18.0
4144,17.0
4145,20.0
4146,24.0
4147,29.0
4148,13.0
4149,49.0
4150,13.0
4151,31.0
4152,21.0
4153,19.0
4154,19.0
4155,39.0
4156,27.0
4157,78.0
4158,41.0
4159,15.0
4160,34.0
4161,21.0
4162,11.0
4163,10.0
4164,19.0
4165,34.0
4166,18.0
4167,32.0
4168,16.0
4169,15.0
4170,17.0
4171,14.0
4172,18.0
4173,58.0
4174,26.0
4175,21.0
4176,18.0
4177,10.0
4178,136.0
4179,11.0
4180,12.0
4181,17.0
4182,14.0
4183,15.0
4184,28.0
4185,31.0
4186,20.0
4187,36.0
4188,43.0
4189,14.0
4190,13.0
4191,17.0
4192,16.0
4193,9.0
4194,20.0
4195,22.0
4196,62.0
4197,51.0
4198,25.0
4199,45.0
4200,28.0
4201,21.0
4202,74.0
4203,14.0
4204,14.0
4205,17.0
4206,21.0
4207,25.0
4208,19.0
4209,19.0
4210,85.0
4211,30.0
4212,14.0
4213,20.0
4214,32.0
4215,14.0
4216,12.0
4217,16.0
4218,92.0
4219,17.0
4220,32.0
4221,27.0
4222,35.0
4223,30.0
4224,19.0
4225,20.0
4226,23.0
4227,21.0
4228,13.0
4229,75.0
4230,47.0
4231,50.0
4232,21.0
4233,71.0
4234,12.0
4235,22.0
4236,23.0
4237,13.0
4238,23.0
4239,35.0
4240,29.0
4241,13.0
4242,14.0
4243,16.0
4244,42.0
4245,12.0
4246,35.0
4247,32.0
4248,18.0
4249,19.0
4250,119.0
4251,82.0
4252,15.0
4253,25.0
4254,20.0
4255,17.0
4256,16.0
4257,18.0
4258,21.0
4259,21.0
4260,87.0
4261,40.0
4262,18.0
4263,16.0
4264,16.0
4265,20.0
4266,17.0
4267,23.0
4268,11.0
4269,44.0
4270,21.0
4271,42.0
4272,18.0
4273,29.0
4274,14.0
4275,18.0
4276,17.0
4277,40.0
4278,11.0
4279,84.0
4280,17.0
4281,48.0
4282,39.0
4283,29.0
4284,48.0
4285,42.0
4286,23.0
4287,44.0
4288,55.0
4289,24.0
4290,15.0
4291,16.0
4292,34.0
4293,15.0
4294,22.0
4295,21.0
4296,11.0
4297,126.0
4298,46.0
4299,32.0
4300,11.0
4301,11.0
4302,23.0
4303,14.0
4304,25.0
4305,16.0
4306,76.0
4307,15.0
4308,33.0
4309,40.0
4310,81.0
4311,45.0
4312,10.0
4313,22.0
4314,74.0
4315,20.0
4316,20.0
4317,20.0
4318,14.0
4319,12.0
4320,62.0
4321,31.0
4322,32.0
4323,23.0
4324,17.0
4325,28.0
4326,15.0
4327,67.0
4328,12.0
4329,41.0
4330,18.0
4331,33.0
4332,50.0
4333,15.0
4334,22.0
4335,33.0
4336,29.0
4337,37.0
4338,87.0
4339,21.0
4340,51.0
4341,26.0
4342,13.0
4343,16.0
4344,17.0
4345,12.0
4346,25.0
4347,13.0
4348,14.0
4349,35.0
4350,42.0
4351,18.0
4352,21.0
4353,17.0
4354,13.0
4355,17.0
4356,26.0
4357,37.0
4358,31.0
4359,13.0
4360,18.0
4361,52.0
4362,60.0
4363,19.0
4364,21.0
4365,45.0
4366,20.0
4367,22.0
4368,13.0
4369,109.0
4370,14.0
4371,54.0
4372,19.0
4373,18.0
4374,11.0
4375,95.0
4376,57.0
4377,20.0
4378,19.0
4379,67.0
4380,14.0
4381,11.0
4382,44.0
4383,17.0
4384,17.0
4385,17.0
4386,12.0
4387,136.0
4388,17.0
4389,22.0
4390,140.0
4391,25.0
4392,22.0
4393,15.0
4394,18.0
4395,19.0
4396,16.0
4397,99.0
4398,21.0
4399,20.0
4400,61.0
4401,31.0
4402,40.0
4403,16.0
4404,25.0
4405,12.0
4406,71.0
4407,11.0
4408,33.0
4409,34.0
4410,88.0
4411,27.0
4412,37.0
4413,25.0
4414,13.0
4415,12.0
4416,54.0
4417,16.0
4418,104.0
4419,29.0
4420,30.0
4421,41.0
4422,14.0
4423,30.0
4424,41.0
4425,25.0
4426,22.0
4427,69.0
4428,10.0
4429,42.0
4430,46.0
4431,23.0
4432,47.0
4433,87.0
4434,34.0
4435,16.0
4436,18.0
4437,63.0
4438,32.0
4439,19.0
4440,41.0
4441,17.0
4442,13.0
4443,13.0
4444,44.0
4445,53.0
4446,15.0
4447,50.0
4448,18.0
4449,16.0
4450,58.0
4451,26.0
4452,24.0
4453,26.0
4454,17.0
4455,12.0
4456,31.0
4457,59.0
4458,23.0
4459,34.0
4460,31.0
4461,82.0
4462,28.0
4463,92.0
4464,69.0
4465,16.0
4466,21.0
4467,10.0
4468,16.0
4469,59.0
4470,17.0
4471,13.0
4472,27.0
4473,16.0
4474,32.0
4475,13.0
4476,29.0
4477,27.0
4478,13.0
4479,21.0
4480,21.0
4481,17.0
4482,49.0
4483,44.0
4484,17.0
4485,30.0
4486,16.0
4487,19.0
4488,18.0
4489,43.0
4490,114.0
4491,85.0
4492,17.0
4493,29.0
4494,32.0
4495,41.0
4496,23.0
4497,19.0
4498,32.0
4499,108.0
4500,12.0
4501,60.0
4502,52.0
4503,53.0
4504,49.0
4505,25.0
4506,22.0
4507,35.0
4508,23.0
4509,24.0
4510,22.0
4511,17.0
4512,8.0
4513,17.0
4514,22.0
4515,16.0
4516,17.0
4517,13.0
4518,16.0
4519,17.0
4520,24.0
4521,16.0
4522,34.0
4523,29.0
4524,82.0
4525,97.0
4526,29.0
4527,13.0
4528,11.0
4529,25.0
4530,30.0
4531,31.0
4532,38.0
4533,40.0
4534,14.0
4535,42.0
4536,21.0
4537,28.0
4538,39.0
4539,21.0
4540,45.0
4541,23.0
4542,41.0
4543,12.0
4544,29.0
4545,9.0
4546,54.0
4547,21.0
4548,21.0
4549,34.0
4550,21.0
4551,13.0
4552,18.0
4553,28.0
4554,11.0
4555,12.0
4556,30.0
4557,21.0
4558,16.0
4559,14.0
4560,64.0
4561,22.0
4562,57.0
4563,23.0
4564,63.0
4565,87.0
4566,13.0
4567,31.0
4568,27.0
4569,46.0
4570,28.0
4571,9.0
4572,21.0
4573,39.0
4574,13.0
4575,58.0
4576,67.0
4577,27.0
4578,62.0
4579,25.0
4580,32.0
4581,57.0
4582,14.0
4583,11.0
4584,15.0
4585,14.0
4586,13.0
4587,12.0
4588,63.0
4589,22.0
4590,11.0
4591,28.0
4592,17.0
4593,23.0
4594,23.0
4595,42.0
4596,25.0
4597,15.0
4598,13.0
4599,20.0
4600,19.0
4601,18.0
4602,68.0
4603,18.0
4604,11.0
4605,36.0
4606,56.0
4607,46.0
4608,24.0
4609,15.0
4610,26.0
4611,76.0
4612,15.0
4613,16.0
4614,32.0
4615,53.0
4616,10.0
4617,11.0
4618,17.0
4619,18.0
4620,19.0
4621,39.0
4622,17.0
4623,16.0
4624,29.0
4625,22.0
4626,30.0
4627,18.0
4628,23.0
4629,22.0
4630,22.0
4631,12.0
4632,18.0
4633,10.0
4634,56.0
4635,42.0
4636,11.0
4637,30.0
4638,21.0
4639,86.0
4640,15.0
4641,9.0
4642,16.0
4643,61.0
4644,32.0
4645,37.0
4646,13.0
4647,15.0
4648,26.0
4649,23.0
4650,50.0
4651,18.0
4652,26.0
4653,67.0
4654,33.0
4655,41.0
4656,17.0
4657,19.0
4658,13.0
4659,16.0
4660,71.0
4661,17.0
4662,88.0
4663,41.0
4664,40.0
4665,15.0
4666,22.0
4667,103.0
4668,13.0
4669,14.0
4670,21.0
4671,28.0
4672,22.0
4673,36.0
4674,73.0
4675,30.0
4676,10.0
4677,58.0
4678,30.0
4679,12.0
4680,22.0
4681,58.0
4682,64.0
4683,20.0
4684,18.0
4685,9.0
4686,114.0
4687,36.0
4688,13.0
4689,18.0
4690,12.0
4691,22.0
4692,20.0
4693,44.0
4694,35.0
4695,18.0
4696,13.0
4697,19.0
4698,20.0
4699,46.0
4700,42.0
4701,50.0
4702,17.0
4703,17.0
4704,15.0
4705,18.0
4706,17.0
4707,36.0
4708,43.0
4709,22.0
4710,18.0
4711,39.0
4712,30.0
4713,18.0
4714,10.0
4715,15.0
4716,10.0
4717,41.0
4718,52.0
4719,47.0
4720,25.0
4721,15.0
4722,10.0
4723,26.0
4724,20.0
4725,32.0
4726,15.0
4727,11.0
4728,10.0
4729,18.0
4730,25.0
4731,24.0
4732,27.0
4733,16.0
4734,19.0
4735,15.0
4736,51.0
4737,31.0
4738,22.0
4739,25.0
4740,11.0
4741,36.0
4742,19.0
4743,30.0
4744,34.0
4745,21.0
4746,17.0
4747,39.0
4748,11.0
4749,16.0
4750,13.0
4751,15.0
4752,16.0
4753,12.0
4754,80.0
4755,52.0
4756,12.0
4757,62.0
4758,15.0
4759,15.0
4760,78.0
4761,16.0
4762,28.0
4763,37.0
4764,19.0
4765,21.0
4766,28.0
4767,20.0
4768,16.0
4769,30.0
4770,21.0
4771,17.0
4772,17.0
4773,112.0
4774,14.0
4775,18.0
4776,78.0
4777,33.0
4778,43.0
4779,9.0
4780,20.0
4781,12.0
4782,22.0
4783,11.0
4784,42.0
4785,40.0
4786,12.0
4787,37.0
4788,49.0
4789,35.0
4790,31.0
4791,21.0
4792,9.0
4793,42.0
4794,38.0
4795,65.0
4796,16.0
4797,14.0
4798,18.0
4799,38.0
4800,16.0
4801,18.0
4802,21.0
4803,55.0
4804,23.0
4805,60.0
4806,29.0
4807,59.0
4808,19.0
4809,18.0
4810,53.0
4811,73.0
4812,31.0
4813,39.0
4814,19.0
4815,11.0
4816,43.0
4817,22.0
4818,75.0
4819,46.0
4820,36.0
4821,20.0
4822,35.0
4823,10.0
4824,15.0
4825,35.0
4826,24.0
4827,15.0
4828,21.0
4829,13.0
4830,29.0
4831,12.0
4832,22.0
4833,36.0
4834,37.0
4835,15.0
4836,15.0
4837,31.0
4838,21.0
4839,12.0
4840,19.0
4841,89.0
4842,38.0
4843,16.0
4844,69.0
4845,14.0
4846,21.0
4847,67.0
4848,96.0
4849,15.0
4850,21.0
4851,12.0
4852,13.0
4853,15.0
4854,39.0
4855,19.0
4856,18.0
4857,41.0
4858,23.0
4859,41.0
4860,16.0
4861,40.0
4862,43.0
4863,22.0
4864,15.0
4865,14.0
4866,34.0
4867,20.0
4868,13.0
4869,31.0
4870,13.0
4871,19.0
4872,17.0
4873,21.0
4874,58.0
4875,23.0
4876,54.0
4877,64.0
4878,20.0
4879,13.0
4880,13.0
4881,22.0
4882,25.0
4883,15.0
4884,20.0
4885,43.0
4886,17.0
4887,18.0
4888,14.0
4889,39.0
4890,10.0
4891,27.0
4892,13.0
4893,12.0
4894,17.0
4895,13.0
4896,26.0
4897,39.0
4898,37.0
4899,15.0
4900,24.0
4901,29.0
4902,39.0
4903,40.0
4904,28.0
4905,29.0
4906,43.0
4907,13.0
4908,16.0
4909,12.0
4910,29.0
4911,13.0
4912,20.0
4913,37.0
4914,44.0
4915,14.0
4916,35.0
4917,13.0
4918,17.0
4919,33.0
4920,54.0
4921,59.0
4922,17.0
4923,92.0
4924,101.0
4925,44.0
4926,14.0
4927,13.0
4928,18.0
4929,11.0
4930,17.0
4931,30.0
4932,27.0
4933,31.0
4934,42.0
4935,50.0
4936,21.0
4937,55.0
4938,16.0
4939,32.0
4940,51.0
4941,28.0
4942,18.0
4943,13.0
4944,37.0
4945,16.0
4946,14.0
4947,34.0
4948,31.0
4949,18.0
4950,33.0
4951,17.0
4952,15.0
4953,22.0
4954,29.0
4955,39.0
4956,14.0
4957,40.0
4958,44.0
4959,12.0
4960,31.0
4961,25.0
4962,17.0
4963,23.0
4964,88.0
4965,37.0
4966,12.0
4967,71.0
4968,24.0
4969,21.0
4970,67.0
4971,28.0
4972,17.0
4973,24.0
4974,31.0
4975,14.0
4976,15.0
4977,82.0
4978,18.0
4979,11.0
4980,29.0
4981,29.0
4982,24.0
4983,28.0
4984,84.0
4985,38.0
4986,41.0
4987,15.0
4988,19.0
4989,15.0
4990,19.0
4991,30.0
4992,19.0
4993,18.0
4994,37.0
4995,31.0
4996,13.0
4997,17.0
4998,13.0
4999,13.0
5000,90.0
5001,23.0
5002,37.0
5003,18.0
5004,18.0
5005,10.0
5006,20.0
5007,21.0
5008,15.0
5009,43.0
5010,22.0
5011,11.0
5012,90.0
5013,29.0
5014,13.0
5015,17.0
5016,27.0
5017,22.0
5018,47.0
5019,56.0
5020,49.0
5021,54.0
5022,24.0
5023,31.0
5024,25.0
5025,37.0
5026,15.0
5027,28.0
5028,14.0
5029,56.0
5030,18.0
5031,93.0
5032,14.0
5033,21.0
5034,81.0
5035,11.0
5036,37.0
5037,14.0
5038,104.0
5039,16.0
5040,29.0
5041,77.0
5042,15.0
5043,21.0
5044,57.0
5045,44.0
5046,15.0
5047,36.0
5048,13.0
5049,67.0
5050,16.0
5051,27.0
5052,18.0
5053,50.0
5054,16.0
5055,23.0
5056,16.0
5057,20.0
5058,11.0
5059,30.0
5060,16.0
5061,26.0
5062,11.0
5063,13.0
5064,67.0
5065,18.0
5066,37.0
5067,31.0
5068,24.0
5069,12.0
5070,12.0
5071,15.0
5072,95.0
5073,66.0
5074,17.0
5075,24.0
5076,11.0
5077,9.0
5078,19.0
5079,20.0
5080,15.0
5081,18.0
5082,19.0
5083,48.0
5084,10.0
5085,20.0
5086,21.0
5087,44.0
5088,10.0
5089,77.0
5090,11.0
5091,52.0
5092,64.0
5093,17.0
5094,14.0
5095,25.0
5096,20.0
5097,11.0
5098,21.0
5099,17.0
5100,18.0
5101,34.0
5102,21.0
5103,69.0
5104,16.0
5105,21.0
5106,40.0
5107,21.0
5108,16.0
5109,65.0
5110,10.0
5111,20.0
5112,47.0
5113,65.0
5114,47.0
5115,26.0
5116,69.0
5117,61.0
5118,88.0
5119,20.0
5120,19.0
5121,59.0
5122,11.0
5123,25.0
5124,18.0
5125,78.0
5126,22.0
5127,27.0
5128,30.0
5129,45.0
5130,22.0
5131,37.0
5132,41.0
5133,15.0
5134,16.0
5135,26.0
5136,28.0
5137,51.0
5138,13.0
5139,50.0
5140,30.0
5141,94.0
5142,23.0
5143,88.0
5144,21.0
5145,36.0
5146,30.0
5147,12.0
5148,34.0
5149,12.0
5150,14.0
5151,11.0
5152,12.0
5153,37.0
5154,12.0
5155,35.0
5156,20.0
5157,16.0
5158,84.0
5159,155.0
5160,25.0
5161,28.0
5162,26.0
5163,17.0
5164,69.0
5165,60.0
5166,45.0
5167,62.0
5168,20.0
5169,14.0
5170,37.0
5171,34.0
5172,18.0
5173,26.0
5174,25.0
5175,12.0
5176,12.0
5177,22.0
5178,40.0
5179,25.0
5180,41.0
5181,11.0
5182,13.0
5183,86.0
5184,16.0
5185,13.0
5186,17.0
5187,21.0
5188,22.0
5189,18.0
5190,22.0
5191,26.0
5192,19.0
5193,34.0
5194,82.0
5195,16.0
5196,24.0
5197,31.0
5198,31.0
5199,42.0
5200,16.0
5201,22.0
5202,29.0
5203,29.0
5204,20.0
5205,15.0
5206,10.0
5207,60.0
5208,28.0
5209,18.0
5210,25.0
5211,13.0
5212,22.0
5213,18.0
5214,20.0
5215,29.0
5216,31.0
5217,14.0
5218,15.0
5219,35.0
5220,20.0
5221,44.0
5222,12.0
5223,28.0
5224,67.0
5225,33.0
5226,12.0
5227,81.0
5228,11.0
5229,16.0
5230,98.0
5231,48.0
5232,34.0
5233,21.0
5234,43.0
5235,15.0
5236,31.0
5237,22.0
5238,15.0
5239,91.0
5240,41.0
5241,21.0
5242,87.0
5243,67.0
5244,28.0
5245,19.0
5246,33.0
5247,19.0
5248,16.0
5249,13.0
5250,52.0
5251,20.0
5252,18.0
5253,11.0
5254,29.0
5255,37.0
5256,27.0
5257,12.0
5258,20.0
5259,13.0
5260,27.0
5261,18.0
5262,21.0
5263,9.0
5264,41.0
5265,12.0
5266,20.0
5267,23.0
5268,14.0
5269,21.0
5270,24.0
5271,16.0
5272,22.0
5273,19.0
5274,14.0
5275,70.0
5276,11.0
5277,16.0
5278,20.0
5279,31.0
5280,30.0
5281,58.0
5282,20.0
5283,92.0
5284,24.0
5285,39.0
5286,55.0
5287,93.0
5288,35.0
5289,19.0
5290,51.0
5291,15.0
5292,25.0
5293,44.0
5294,17.0
5295,21.0
5296,17.0
5297,40.0
5298,40.0
5299,10.0
5300,30.0
5301,24.0
5302,23.0
5303,38.0
5304,14.0
5305,36.0
5306,63.0
5307,15.0
5308,20.0
5309,30.0
5310,44.0
5311,51.0
5312,84.0
5313,16.0
5314,17.0
5315,14.0
5316,44.0
5317,19.0
5318,88.0
5319,63.0
5320,14.0
5321,22.0
5322,42.0
5323,21.0
5324,18.0
5325,58.0
5326,39.0
5327,93.0
5328,19.0
5329,34.0
5330,13.0
5331,36.0
5332,25.0
5333,61.0
5334,13.0
5335,19.0
5336,23.0
5337,55.0
5338,89.0
5339,58.0
5340,81.0
5341,24.0
5342,16.0
5343,32.0
5344,73.0
5345,10.0
5346,16.0
5347,51.0
5348,18.0
5349,20.0
5350,18.0
5351,54.0
5352,64.0
5353,14.0
5354,22.0
5355,19.0
5356,29.0
5357,15.0
5358,40.0
5359,79.0
5360,51.0
5361,21.0
5362,57.0
5363,23.0
5364,15.0
5365,27.0
5366,13.0
5367,12.0
5368,25.0
5369,27.0
5370,19.0
5371,20.0
5372,47.0
5373,12.0
5374,14.0
5375,73.0
5376,25.0
5377,13.0
5378,68.0
5379,17.0
5380,15.0
5381,90.0
5382,31.0
5383,12.0
5384,34.0
5385,64.0
5386,20.0
5387,16.0
5388,26.0
5389,22.0
5390,18.0
5391,33.0
5392,65.0
5393,21.0
5394,21.0
5395,36.0
5396,33.0
5397,45.0
5398,21.0
5399,14.0
5400,88.0
5401,15.0
5402,29.0
5403,30.0
5404,19.0
5405,40.0
5406,55.0
5407,34.0
5408,55.0
5409,42.0
5410,20.0
5411,19.0
5412,19.0
5413,18.0
5414,12.0
5415,101.0
5416,24.0
5417,33.0
5418,29.0
5419,22.0
5420,41.0
5421,18.0
5422,18.0
5423,33.0
5424,50.0
5425,18.0
5426,37.0
5427,92.0
5428,10.0
5429,43.0
5430,29.0
5431,59.0
5432,86.0
5433,59.0
5434,89.0
5435,28.0
5436,44.0
5437,38.0
5438,100.0
5439,22.0
5440,80.0
5441,69.0
5442,89.0
5443,84.0
5444,22.0
5445,88.0
5446,23.0
5447,51.0
5448,14.0
5449,141.0
5450,19.0
5451,110.0
5452,116.0
5453,104.0
5454,94.0
5455,40.0
5456,72.0
5457,101.0
5458,58.0
5459,52.0
5460,67.0
5461,28.0
5462,60.0
5463,22.0
5464,159.0
5465,68.0
5466,13.0
5467,44.0
5468,51.0
5469,52.0
5470,96.0
5471,39.0
5472,28.0
5473,31.0
5474,200.0
5475,89.0
5476,33.0
5477,46.0
5478,96.0
5479,34.0
5480,39.0
5481,112.0
5482,34.0
5483,13.0
5484,38.0
5485,104.0
5486,59.0
5487,78.0
5488,104.0
5489,36.0
5490,72.0
5491,47.0
5492,123.0
5493,27.0
5494,46.0
5495,46.0
5496,12.0
5497,30.0
5498,13.0
5499,63.0
5500,42.0
5501,76.0
5502,46.0
5503,20.0
5504,94.0
5505,103.0
5506,69.0
5507,69.0
5508,29.0
5509,88.0
5510,112.0
5511,20.0
5512,31.0
5513,127.0
5514,112.0
5515,65.0
5516,39.0
5517,50.0
5518,24.0
5519,108.0
5520,106.0
5521,18.0
5522,23.0
5523,27.0
5524,30.0
5525,35.0
5526,13.0
5527,123.0
5528,15.0
5529,39.0
5530,72.0
5531,97.0
5532,100.0
5533,49.0
5534,14.0
5535,62.0
5536,49.0
5537,117.0
5538,103.0
5539,20.0
5540,89.0
5541,65.0
5542,82.0
5543,27.0
5544,61.0
5545,78.0
5546,26.0
5547,43.0
5548,102.0
5549,43.0
5550,36.0
5551,12.0
5552,25.0
5553,10.0
5554,67.0
5555,34.0
5556,81.0
5557,63.0
5558,85.0
5559,58.0
5560,66.0
5561,21.0
5562,29.0
5563,22.0
5564,53.0
5565,103.0
5566,29.0
5567,34.0
5568,51.0
5569,21.0
5570,23.0
5571,13.0
5572,58.0
5573,36.0
5574,41.0
5575,84.0
5576,22.0
5577,69.0
5578,73.0
5579,19.0
5580,13.0
5581,28.0
5582,17.0
5583,95.0
5584,62.0
5585,48.0
5586,51.0
5587,21.0
5588,18.0
5589,133.0
5590,38.0
5591,31.0
5592,15.0
5593,49.0
5594,75.0
5595,18.0
5596,64.0
5597,32.0
5598,86.0
5599,102.0
5600,36.0
5601,53.0
5602,62.0
5603,13.0
5604,170.0
5605,50.0
5606,14.0
5607,107.0
5608,15.0
5609,51.0
5610,27.0
5611,115.0
5612,52.0
5613,33.0
5614,24.0
5615,23.0
5616,36.0
5617,95.0
5618,21.0
5619,15.0
5620,85.0
5621,20.0
5622,89.0
5623,105.0
5624,20.0
5625,31.0
5626,57.0
5627,200.0
5628,14.0
5629,28.0
5630,101.0
5631,13.0
5632,74.0
5633,23.0
5634,45.0
5635,84.0
5636,67.0
5637,123.0
5638,23.0
5639,45.0
5640,59.0
5641,44.0
5642,49.0
5643,48.0
5644,170.0
5645,113.0
5646,33.0
5647,105.0
5648,20.0
5649,12.0
5650,81.0
5651,18.0
5652,34.0
5653,11.0
5654,28.0
5655,29.0
5656,17.0
5657,71.0
5658,24.0
5659,111.0
5660,88.0
5661,61.0
5662,49.0
5663,58.0
5664,34.0
5665,26.0
5666,93.0
5667,98.0
5668,18.0
5669,21.0
5670,35.0
5671,106.0
5672,35.0
5673,82.0
5674,54.0
5675,23.0
5676,34.0
5677,16.0
5678,28.0
5679,14.0
5680,43.0
5681,174.0
5682,76.0
5683,11.0
5684,37.0
5685,57.0
5686,34.0
5687,12.0
5688,35.0
5689,14.0
5690,158.0
5691,39.0
5692,36.0
5693,38.0
5694,9.0
5695,11.0
5696,24.0
5697,23.0
5698,38.0
5699,45.0
5700,15.0
5701,53.0
5702,20.0
5703,56.0
5704,39.0
5705,165.0
5706,30.0
5707,134.0
5708,29.0
5709,101.0
5710,31.0
5711,83.0
5712,20.0
5713,28.0
5714,80.0
5715,39.0
5716,66.0
5717,133.0
5718,78.0
5719,60.0
5720,88.0
5721,98.0
5722,37.0
5723,26.0
5724,43.0
5725,153.0
5726,55.0
5727,60.0
5728,21.0
5729,102.0
5730,18.0
5731,40.0
5732,52.0
5733,45.0
5734,55.0
5735,21.0
5736,120.0
5737,48.0
5738,77.0
5739,62.0
5740,18.0
5741,12.0
5742,23.0
5743,80.0
5744,23.0
5745,106.0
5746,49.0
5747,55.0
5748,50.0
5749,91.0
5750,36.0
5751,64.0
5752,24.0
5753,89.0
5754,104.0
5755,46.0
5756,56.0
5757,35.0
5758,113.0
5759,36.0
5760,14.0
5761,57.0
5762,39.0
5763,17.0
5764,72.0
5765,35.0
5766,75.0
5767,52.0
5768,60.0
5769,29.0
5770,68.0
5771,34.0
5772,11.0
5773,53.0
5774,102.0
5775,33.0
5776,41.0
5777,45.0
5778,40.0
5779,97.0
5780,55.0
5781,82.0
5782,14.0
5783,49.0
5784,65.0
5785,34.0
5786,20.0
5787,17.0
5788,14.0
5789,63.0
5790,36.0
5791,21.0
5792,116.0
5793,94.0
5794,49.0
5795,96.0
5796,74.0
5797,52.0
5798,138.0
5799,19.0
5800,50.0
5801,88.0
5802,79.0
5803,49.0
5804,93.0
5805,45.0
5806,29.0
5807,55.0
5808,83.0
5809,142.0
5810,27.0
5811,48.0
5812,128.0
5813,82.0
5814,84.0
5815,137.0
5816,81.0
5817,60.0
5818,89.0
5819,175.0
5820,20.0
5821,123.0
5822,38.0
5823,20.0
5824,164.0
5825,79.0
5826,30.0
5827,16.0
5828,66.0
5829,25.0
5830,80.0
5831,28.0
5832,62.0
5833,53.0
5834,25.0
5835,38.0
5836,10.0
5837,24.0
5838,45.0
5839,53.0
5840,49.0
5841,84.0
5842,24.0
5843,14.0
5844,113.0
5845,50.0
5846,43.0
5847,32.0
5848,24.0
5849,149.0
5850,15.0
5851,41.0
5852,38.0
5853,40.0
5854,89.0
5855,75.0
5856,139.0
5857,16.0
5858,46.0
5859,77.0
5860,37.0
5861,32.0
5862,13.0
5863,103.0
5864,32.0
5865,128.0
5866,167.0
5867,29.0
5868,36.0
5869,152.0
5870,17.0
5871,90.0
5872,92.0
5873,60.0
5874,27.0
5875,48.0
5876,37.0
5877,64.0
5878,24.0
5879,107.0
5880,48.0
5881,116.0
5882,106.0
5883,23.0
5884,98.0
5885,14.0
5886,42.0
5887,11.0
5888,69.0
5889,26.0
5890,36.0
5891,42.0
5892,123.0
5893,40.0
5894,24.0
5895,34.0
5896,59.0
5897,69.0
5898,45.0
5899,50.0
5900,32.0
5901,63.0
5902,49.0
5903,64.0
5904,14.0
5905,108.0
5906,95.0
5907,31.0
5908,22.0
5909,12.0
5910,111.0
5911,10.0
5912,95.0
5913,124.0
5914,45.0
5915,53.0
5916,83.0
5917,52.0
5918,30.0
5919,12.0
5920,200.0
5921,110.0
5922,113.0
5923,24.0
5924,39.0
5925,26.0
5926,84.0
5927,75.0
5928,13.0
5929,34.0
5930,118.0
5931,200.0
5932,200.0
5933,35.0
5934,25.0
5935,12.0
5936,19.0
5937,13.0
5938,167.0
5939,95.0
5940,22.0
5941,73.0
5942,41.0
5943,38.0
5944,136.0
5945,72.0
5946,65.0
5947,149.0
5948,95.0
5949,50.0
5950,17.0
5951,139.0
5952,33.0
5953,39.0
5954,14.0
5955,25.0
5956,55.0
5957,45.0
5958,109.0
5959,13.0
5960,75.0
5961,107.0
5962,14.0
5963,32.0
5964,24.0
5965,55.0
5966,71.0
5967,49.0
5968,155.0
5969,10.0
5970,57.0
5971,61.0
5972,35.0
5973,35.0
5974,25.0
5975,83.0
5976,117.0
5977,132.0
5978,16.0
5979,13.0
5980,165.0
5981,44.0
5982,43.0
5983,15.0
5984,96.0
5985,111.0
5986,141.0
5987,124.0
5988,23.0
5989,27.0
5990,105.0
5991,11.0
5992,52.0
5993,162.0
5994,27.0
5995,44.0
5996,17.0
5997,14.0
5998,19.0
5999,21.0
6000,87.0
6001,38.0
6002,148.0
6003,26.0
6004,17.0
6005,105.0
6006,28.0
6007,36.0
6008,58.0
6009,11.0
6010,93.0
6011,134.0
6012,117.0
6013,24.0
6014,61.0
6015,47.0
6016,200.0
6017,12.0
6018,16.0
6019,112.0
6020,115.0
6021,75.0
6022,111.0
6023,147.0
6024,49.0
6025,11.0
6026,14.0
6027,23.0
6028,200.0
6029,24.0
6030,112.0
6031,103.0
6032,62.0
6033,28.0
6034,105.0
6035,197.0
6036,47.0
6037,22.0
6038,63.0
6039,35.0
6040,36.0
6041,14.0
6042,94.0
6043,43.0
6044,146.0
6045,23.0
6046,28.0
6047,12.0
6048,35.0
6049,50.0
6050,44.0
6051,18.0
6052,69.0
6053,58.0
6054,13.0
6055,21.0
6056,121.0
6057,37.0
6058,64.0
6059,34.0
6060,64.0
6061,80.0
6062,33.0
6063,12.0
6064,50.0
6065,96.0
6066,46.0
6067,114.0
6068,25.0
6069,33.0
6070,11.0
6071,91.0
6072,16.0
6073,41.0
6074,10.0
6075,34.0
6076,104.0
6077,96.0
6078,46.0
6079,158.0
6080,14.0
6081,37.0
6082,114.0
6083,67.0
6084,134.0
6085,65.0
6086,14.0
6087,157.0
6088,47.0
6089,37.0
6090,26.0
6091,65.0
6092,111.0
6093,19.0
6094,110.0
6095,184.0
6096,25.0
6097,12.0
6098,96.0
6099,88.0
6100,13.0
6101,102.0
6102,26.0
6103,16.0
6104,42.0
6105,42.0
6106,64.0
6107,21.0
6108,77.0
6109,161.0
6110,107.0
6111,28.0
6112,147.0
6113,110.0
6114,16.0
6115,52.0
6116,125.0
6117,62.0
6118,97.0
6119,95.0
6120,200.0
6121,29.0
6122,106.0
6123,118.0
6124,200.0
6125,94.0
6126,44.0
6127,132.0
6128,36.0
6129,43.0
6130,15.0
6131,12.0
6132,65.0
6133,141.0
6134,32.0
6135,110.0
6136,126.0
6137,14.0
6138,115.0
6139,106.0
6140,12.0
6141,30.0
6142,200.0
6143,56.0
6144,36.0
6145,44.0
6146,19.0
6147,23.0
6148,104.0
6149,44.0
6150,97.0
6151,199.0
6152,43.0
6153,38.0
6154,96.0
6155,100.0
6156,110.0
6157,104.0
6158,26.0
6159,112.0
6160,20.0
6161,21.0
6162,110.0
6163,197.0
6164,55.0
6165,28.0
6166,143.0
6167,29.0
6168,42.0
6169,28.0
6170,11.0
6171,200.0
6172,26.0
6173,118.0
6174,156.0
6175,49.0
6176,110.0
6177,57.0
6178,100.0
6179,69.0
6180,42.0
6181,54.0
6182,62.0
6183,99.0
6184,115.0
6185,149.0
6186,100.0
6187,100.0
6188,121.0
6189,118.0
6190,98.0
6191,93.0
6192,49.0
6193,107.0
6194,65.0
6195,118.0
6196,200.0
6197,19.0
6198,16.0
6199,33.0
6200,115.0
6201,200.0
6202,74.0
6203,130.0
6204,150.0
6205,200.0
6206,200.0
6207,50.0
6208,198.0
6209,97.0
6210,140.0
6211,100.0
6212,56.0
6213,200.0
6214,20.0
6215,94.0
6216,48.0
6217,24.0
6218,124.0
6219,118.0
6220,200.0
6221,200.0
6222,98.0
6223,99.0
6224,97.0
6225,122.0
6226,42.0
6227,51.0
6228,101.0
6229,136.0
6230,93.0
6231,99.0
6232,111.0
6233,97.0
6234,97.0
6235,108.0
6236,106.0
6237,41.0
6238,103.0
6239,20.0
6240,109.0
6241,136.0
6242,131.0
6243,96.0
6244,56.0
6245,179.0
6246,38.0
6247,101.0
6248,24.0
6249,35.0
6250,47.0
6251,48.0
6252,23.0
6253,101.0
6254,98.0
6255,108.0
6256,63.0
6257,45.0
6258,14.0
6259,145.0
6260,34.0
6261,31.0
6262,107.0
6263,16.0
6264,94.0
6265,26.0
6266,18.0
6267,24.0
6268,71.0
6269,27.0
6270,61.0
6271,53.0
6272,109.0
6273,119.0
6274,31.0
6275,31.0
6276,94.0
6277,94.0
6278,31.0
6279,116.0
6280,97.0
6281,99.0
6282,122.0
6283,27.0
6284,87.0
6285,125.0
6286,136.0
6287,107.0
6288,88.0
6289,40.0
6290,106.0
6291,94.0
6292,31.0
6293,30.0
6294,43.0
6295,139.0
6296,16.0
6297,114.0
6298,38.0
6299,137.0
6300,99.0
6301,103.0
6302,118.0
6303,105.0
6304,52.0
6305,97.0
6306,98.0
6307,104.0
6308,19.0
6309,10.0
6310,22.0
6311,14.0
6312,106.0
6313,19.0
6314,91.0
6315,19.0
6316,34.0
6317,99.0
6318,52.0
6319,101.0
6320,58.0
6321,131.0
6322,100.0
6323,120.0
6324,15.0
6325,177.0
6326,49.0
6327,28.0
6328,98.0
6329,101.0
6330,105.0
6331,10.0
6332,101.0
6333,99.0
6334,25.0
6335,73.0
6336,29.0
6337,48.0
6338,29.0
6339,152.0
6340,24.0
6341,11.0
6342,100.0
6343,95.0
6344,105.0
6345,116.0
6346,26.0
6347,60.0
6348,93.0
6349,17.0
6350,119.0
6351,42.0
6352,85.0
6353,125.0
6354,14.0
6355,153.0
6356,120.0
6357,34.0
6358,30.0
6359,123.0
6360,115.0
6361,195.0
6362,29.0
6363,71.0
6364,138.0
6365,120.0
6366,36.0
6367,35.0
6368,114.0
6369,117.0
6370,107.0
6371,110.0
6372,87.0
6373,178.0
6374,115.0
6375,97.0
6376,125.0
6377,165.0
6378,118.0
6379,29.0
6380,121.0
6381,191.0
6382,200.0
6383,12.0
6384,200.0
6385,114.0
6386,95.0
6387,126.0
6388,156.0
6389,122.0
6390,200.0
6391,122.0
6392,200.0
6393,129.0
6394,13.0
6395,153.0
6396,42.0
6397,88.0
6398,141.0
6399,163.0
6400,156.0
6401,118.0
6402,126.0
6403,28.0
6404,200.0
6405,121.0
6406,200.0
6407,162.0
6408,192.0
6409,116.0
6410,82.0
6411,108.0
6412,109.0
6413,104.0
6414,200.0
6415,200.0
6416,111.0
6417,112.0
6418,176.0
6419,153.0
6420,110.0
6421,200.0
6422,90.0
6423,141.0
6424,185.0
6425,88.0
6426,113.0
6427,41.0
6428,109.0
6429,81.0
6430,200.0
6431,176.0
6432,34.0
6433,86.0
6434,184.0
6435,179.0
6436,12.0
6437,200.0
6438,156.0
6439,117.0
6440,108.0
6441,115.0
6442,200.0
6443,181.0
6444,149.0
6445,200.0
6446,108.0
6447,168.0
6448,14.0
6449,105.0
6450,35.0
6451,129.0
6452,87.0
6453,113.0
6454,137.0
6455,141.0
6456,50.0
6457,51.0
6458,106.0
6459,101.0
6460,117.0
6461,64.0
6462,95.0
6463,109.0
6464,119.0
6465,57.0
6466,82.0
6467,200.0
6468,111.0
6469,200.0
6470,130.0
6471,120.0
6472,68.0
6473,41.0
6474,80.0
6475,128.0
6476,116.0
6477,200.0
6478,134.0
6479,110.0
6480,29.0
6481,200.0
6482,128.0
6483,184.0
6484,179.0
6485,200.0
6486,200.0
6487,174.0
6488,133.0
6489,10.0
6490,200.0
6491,182.0
6492,46.0
6493,111.0
6494,54.0
6495,100.0
6496,119.0
6497,113.0
6498,197.0
6499,36.0
6500,97.0
6501,200.0
6502,97.0
6503,200.0
6504,118.0
6505,44.0
6506,122.0
6507,127.0
6508,36.0
6509,200.0
6510,132.0
6511,111.0
6512,140.0
6513,139.0
6514,136.0
6515,126.0
6516,101.0
6517,200.0
6518,200.0
6519,110.0
6520,108.0
6521,138.0
6522,65.0
6523,133.0
6524,173.0
6525,92.0
6526,86.0
6527,11.0
6528,200.0
6529,200.0
6530,62.0
6531,19.0
6532,200.0
6533,200.0
6534,134.0
6535,114.0
6536,200.0
6537,34.0
6538,76.0
6539,178.0
6540,111.0
6541,21.0
6542,200.0
6543,150.0
6544,200.0
6545,52.0
6546,75.0
6547,137.0
6548,183.0
6549,74.0
6550,15.0
6551,22.0
6552,62.0
6553,106.0
6554,72.0
6555,116.0
6556,200.0
6557,118.0
6558,200.0
6559,91.0
6560,200.0
6561,90.0
6562,13.0
6563,24.0
6564,200.0
6565,60.0
6566,200.0
6567,171.0
6568,110.0
6569,13.0
6570,91.0
6571,200.0
6572,120.0
6573,33.0
6574,49.0
6575,130.0
6576,162.0
6577,10.0
6578,199.0
6579,200.0
6580,93.0
6581,94.0
6582,142.0
6583,25.0
6584,186.0
6585,136.0
6586,119.0
6587,115.0
6588,200.0
6589,28.0
6590,66.0
6591,109.0
6592,200.0
6593,76.0
6594,114.0
6595,200.0
6596,200.0
6597,54.0
6598,76.0
6599,30.0
6600,105.0
6601,129.0
6602,19.0
6603,118.0
6604,52.0
6605,102.0
6606,42.0
6607,200.0
6608,31.0
6609,121.0
6610,105.0
6611,89.0
6612,200.0
6613,140.0
6614,200.0
6615,23.0
6616,107.0
6617,85.0
6618,70.0
6619,102.0
6620,161.0
6621,84.0
6622,108.0
6623,14.0
6624,200.0
6625,104.0
6626,122.0
6627,16.0
6628,127.0
6629,133.0
6630,101.0
6631,91.0
6632,109.0
6633,68.0
6634,125.0
6635,38.0
6636,89.0
6637,105.0
6638,103.0
6639,149.0
6640,86.0
6641,200.0
6642,77.0
6643,200.0
6644,113.0
6645,14.0
6646,23.0
6647,106.0
6648,29.0
6649,102.0
6650,200.0
6651,169.0
6652,85.0
6653,104.0
6654,107.0
6655,112.0
6656,107.0
6657,104.0
6658,112.0
6659,151.0
6660,200.0
6661,138.0
6662,21.0
6663,114.0
6664,200.0
6665,64.0
6666,18.0
6667,105.0
6668,66.0
6669,200.0
6670,117.0
6671,120.0
6672,130.0
6673,42.0
6674,40.0
6675,32.0
6676,107.0
6677,72.0
6678,105.0
6679,95.0
6680,49.0
6681,200.0
6682,109.0
6683,200.0
6684,200.0
6685,200.0
6686,106.0
6687,38.0
6688,86.0
6689,50.0
6690,196.0
6691,98.0
6692,110.0
6693,114.0
6694,102.0
6695,22.0
6696,161.0
6697,115.0
6698,146.0
6699,130.0
6700,103.0
6701,134.0
6702,107.0
6703,176.0
6704,133.0
6705,93.0
6706,93.0
6707,165.0
6708,88.0
6709,49.0
6710,97.0
6711,34.0
6712,51.0
6713,111.0
6714,184.0
6715,57.0
6716,117.0
6717,24.0
6718,99.0
6719,95.0
6720,105.0
6721,200.0
6722,170.0
6723,122.0
6724,99.0
6725,17.0
6726,62.0
6727,121.0
6728,136.0
6729,106.0
6730,52.0
6731,140.0
6732,99.0
6733,115.0
6734,98.0
6735,102.0
6736,18.0
6737,124.0
6738,108.0
6739,161.0
6740,56.0
6741,44.0
6742,162.0
6743,99.0
6744,16.0
6745,200.0
6746,51.0
6747,106.0
6748,117.0
6749,18.0
6750,143.0
6751,117.0
6752,146.0
6753,34.0
6754,200.0
6755,94.0
6756,200.0
6757,33.0
6758,143.0
6759,81.0
6760,102.0
6761,92.0
6762,55.0
6763,143.0
6764,100.0
6765,147.0
6766,111.0
6767,139.0
6768,109.0
6769,103.0
6770,200.0
6771,34.0
6772,91.0
6773,116.0
6774,11.0
6775,200.0
6776,34.0
6777,125.0
6778,118.0
6779,97.0
6780,100.0
6781,51.0
6782,49.0
6783,110.0
6784,99.0
6785,105.0
6786,58.0
6787,119.0
6788,49.0
6789,130.0
6790,90.0
6791,101.0
6792,119.0
6793,140.0
6794,13.0
6795,73.0
6796,65.0
6797,107.0
6798,42.0
6799,134.0
6800,16.0
6801,106.0
6802,68.0
6803,106.0
6804,14.0
6805,109.0
6806,21.0
6807,105.0
6808,100.0
6809,125.0
6810,151.0
6811,94.0
6812,111.0
6813,129.0
6814,105.0
6815,46.0
6816,13.0
6817,103.0
6818,108.0
6819,47.0
6820,133.0
6821,132.0
6822,18.0
6823,141.0
6824,128.0
6825,200.0
6826,21.0
6827,166.0
6828,107.0
6829,200.0
6830,26.0
6831,101.0
6832,117.0
6833,200.0
6834,105.0
6835,96.0
6836,98.0
6837,17.0
6838,108.0
6839,98.0
6840,104.0
6841,110.0
6842,130.0
6843,193.0
6844,120.0
6845,101.0
6846,13.0
6847,104.0
6848,153.0
6849,119.0
6850,128.0
6851,117.0
6852,111.0
6853,105.0
6854,119.0
6855,103.0
6856,142.0
6857,174.0
6858,146.0
6859,42.0
6860,62.0
6861,115.0
6862,133.0
6863,28.0
6864,107.0
6865,200.0
6866,113.0
6867,39.0
6868,12.0
6869,200.0
6870,104.0
6871,87.0
6872,104.0
6873,30.0
6874,126.0
6875,94.0
6876,128.0
6877,108.0
6878,200.0
6879,105.0
6880,109.0
6881,100.0
6882,103.0
6883,200.0
6884,117.0
6885,37.0
6886,43.0
6887,96.0
6888,121.0
6889,127.0
6890,96.0
6891,9.0
6892,154.0
6893,200.0
6894,200.0
6895,15.0
6896,115.0
6897,182.0
6898,200.0
6899,144.0
6900,36.0
6901,200.0
6902,123.0
6903,200.0
6904,200.0
6905,200.0
6906,200.0
6907,29.0
6908,154.0
6909,109.0
6910,19.0
6911,200.0
6912,200.0
6913,14.0
6914,45.0
6915,200.0
6916,127.0
6917,200.0
6918,44.0
6919,200.0
6920,103.0
6921,200.0
6922,200.0
6923,200.0
6924,200.0
6925,200.0
6926,200.0
6927,200.0
6928,148.0
6929,200.0
6930,200.0
6931,200.0
6932,200.0
6933,110.0
6934,200.0
6935,200.0
6936,67.0
6937,200.0
6938,151.0
6939,144.0
6940,123.0
6941,181.0
6942,102.0
6943,116.0
6944,200.0
6945,200.0
6946,200.0
6947,200.0
6948,188.0
6949,200.0
6950,89.0
6951,200.0
6952,69.0
6953,200.0
6954,200.0
6955,200.0
6956,164.0
6957,190.0
6958,99.0
6959,200.0
6960,200.0
6961,200.0
6962,124.0
6963,200.0
6964,200.0
6965,108.0
6966,178.0
6967,166.0
6968,18.0
6969,200.0
6970,200.0
6971,101.0
6972,200.0
6973,200.0
6974,200.0
6975,196.0
6976,200.0
6977,68.0
6978,200.0
6979,200.0
6980,145.0
6981,113.0
6982,200.0
6983,13.0
6984,200.0
6985,200.0
6986,121.0
6987,200.0
6988,114.0
6989,200.0
6990,200.0
6991,103.0
6992,200.0
6993,200.0
6994,200.0
6995,66.0
6996,200.0
6997,200.0
6998,200.0
6999,200.0
7000,200.0
7001,200.0
7002,200.0
7003,200.0
7004,200.0
7005,200.0
7006,200.0
7007,200.0
7008,151.0
7009,108.0
7010,125.0
7011,122.0
7012,200.0
7013,200.0
7014,91.0
7015,200.0
7016,81.0
7017,113.0
7018,200.0
7019,176.0
7020,198.0
7021,200.0
7022,200.0
7023,200.0
7024,111.0
7025,82.0
7026,98.0
7027,45.0
7028,200.0
7029,200.0
7030,200.0
7031,200.0
7032,200.0
7033,200.0
7034,200.0
7035,107.0
7036,200.0
7037,102.0
7038,200.0
7039,200.0
7040,200.0
7041,200.0
7042,200.0
7043,161.0
7044,200.0
7045,200.0
7046,200.0
7047,134.0
7048,200.0
7049,200.0
7050,200.0
7051,61.0
7052,200.0
7053,200.0
7054,200.0
7055,200.0
7056,200.0
7057,200.0
7058,137.0
7059,200.0
7060,200.0
7061,200.0
7062,200.0
7063,200.0
7064,200.0
7065,48.0
7066,68.0
7067,200.0
7068,200.0
7069,124.0
7070,72.0
7071,57.0
7072,162.0
7073,200.0
7074,117.0
7075,63.0
7076,200.0
7077,200.0
7078,200.0
7079,195.0
7080,146.0
7081,200.0
7082,200.0
7083,200.0
7084,200.0
7085,137.0
7086,200.0
7087,200.0
7088,200.0
7089,200.0
7090,200.0
7091,200.0
7092,200.0
7093,200.0
7094,200.0
7095,200.0
7096,200.0
7097,124.0
7098,200.0
7099,152.0
7100,200.0
7101,200.0
7102,200.0
7103,200.0
7104,200.0
7105,200.0
7106,200.0
7107,200.0
7108,200.0
7109,200.0
7110,200.0
7111,200.0
7112,98.0
7113,109.0
7114,200.0
7115,200.0
7116,200.0
7117,200.0
7118,142.0
7119,200.0
7120,200.0
7121,200.0
7122,200.0
7123,200.0
7124,200.0
7125,200.0
7126,200.0
7127,200.0
7128,200.0
7129,200.0
7130,135.0
7131,139.0
7132,200.0
7133,200.0
7134,200.0
7135,200.0
7136,200.0
7137,200.0
7138,200.0
7139,200.0
7140,150.0
7141,109.0
7142,200.0
7143,140.0
7144,200.0
7145,200.0
7146,148.0
7147,200.0
7148,200.0
7149,200.0
7150,200.0
7151,200.0
7152,130.0
7153,200.0
7154,178.0
7155,131.0
7156,200.0
7157,200.0
7158,32.0
7159,200.0
7160,200.0
7161,200.0
7162,200.0
7163,200.0
7164,200.0
7165,200.0
7166,200.0
7167,152.0
7168,200.0
7169,200.0
7170,200.0
7171,200.0
7172,200.0
7173,200.0
7174,200.0
7175,151.0
7176,200.0
7177,200.0
7178,200.0
7179,200.0
7180,36.0
7181,200.0
7182,200.0
7183,200.0
7184,200.0
7185,19.0
7186,200.0
7187,200.0
7188,175.0
7189,146.0
7190,23.0
7191,200.0
7192,137.0
7193,200.0
7194,111.0
7195,134.0
7196,200.0
7197,200.0
7198,200.0
7199,175.0
7200,200.0
7201,120.0
7202,143.0
7203,111.0
7204,200.0
7205,200.0
7206,200.0
7207,200.0
7208,200.0
7209,137.0
7210,123.0
7211,136.0
7212,113.0
7213,200.0
7214,169.0
7215,152.0
7216,200.0
7217,25.0
7218,146.0
7219,143.0
7220,200.0
7221,36.0
7222,185.0
7223,200.0
7224,159.0
7225,127.0
7226,168.0
7227,121.0
7228,142.0
7229,200.0
7230,200.0
7231,200.0
7232,25.0
7233,200.0
7234,200.0
7235,200.0
7236,200.0
7237,200.0
7238,200.0
7239,184.0
7240,110.0
7241,137.0
7242,200.0
7243,141.0
7244,200.0
7245,129.0
7246,138.0
7247,200.0
7248,200.0
7249,200.0
7250,200.0
7251,200.0
7252,172.0
7253,200.0
7254,200.0
7255,200.0
7256,200.0
7257,59.0
7258,180.0
7259,200.0
7260,200.0
7261,162.0
7262,105.0
7263,123.0
7264,155.0
7265,20.0
7266,92.0
7267,98.0
7268,125.0
7269,121.0
7270,178.0
7271,200.0
7272,178.0
7273,200.0
7274,136.0
7275,200.0
7276,200.0
7277,200.0
7278,145.0
7279,200.0
7280,111.0
7281,200.0
7282,159.0
7283,200.0
7284,145.0
7285,138.0
7286,135.0
7287,200.0
7288,200.0
7289,115.0
7290,23.0
7291,112.0
7292,200.0
7293,200.0
7294,108.0
7295,200.0
7296,200.0
7297,134.0
7298,173.0
7299,200.0
7300,200.0
7301,200.0
7302,99.0
7303,200.0
7304,116.0
7305,125.0
7306,200.0
7307,200.0
7308,190.0
7309,200.0
7310,125.0
7311,149.0
7312,200.0
7313,200.0
7314,144.0
7315,127.0
7316,159.0
7317,127.0
7318,200.0
7319,200.0
7320,158.0
7321,200.0
7322,141.0
7323,134.0
7324,181.0
7325,174.0
7326,151.0
7327,132.0
7328,144.0
7329,198.0
7330,19.0
7331,200.0
7332,200.0
7333,170.0
7334,175.0
7335,189.0
7336,171.0
7337,121.0
7338,123.0
7339,174.0
7340,200.0
7341,153.0
7342,185.0
7343,200.0
7344,172.0
7345,116.0
7346,125.0
7347,142.0
7348,109.0
7349,128.0
7350,200.0
7351,200.0
7352,200.0
7353,200.0
7354,165.0
7355,131.0
7356,124.0
7357,167.0
7358,142.0
7359,200.0
7360,150.0
7361,200.0
7362,200.0
7363,200.0
7364,136.0
7365,192.0
7366,148.0
7367,114.0
7368,200.0
7369,150.0
7370,115.0
7371,110.0
7372,177.0
7373,143.0
7374,200.0
7375,188.0
7376,52.0
7377,59.0
7378,132.0
7379,199.0
7380,200.0
7381,145.0
7382,200.0
7383,200.0
7384,123.0
7385,110.0
7386,162.0
7387,200.0
7388,31.0
7389,21.0
7390,116.0
7391,133.0
7392,129.0
7393,149.0
7394,143.0
7395,141.0
7396,200.0
7397,145.0
7398,200.0
7399,126.0
7400,187.0
7401,139.0
7402,130.0
7403,200.0
7404,200.0
7405,149.0
7406,197.0
7407,200.0
7408,168.0
7409,200.0
7410,189.0
7411,122.0
7412,184.0
7413,164.0
7414,125.0
7415,154.0
7416,148.0
7417,162.0
7418,131.0
7419,134.0
7420,188.0
7421,129.0
7422,200.0
7423,129.0
7424,175.0
7425,200.0
7426,200.0
7427,189.0
7428,191.0
7429,200.0
7430,124.0
7431,171.0
7432,200.0
7433,200.0
7434,33.0
7435,169.0
7436,200.0
7437,139.0
7438,112.0
7439,200.0
7440,117.0
7441,75.0
7442,174.0
7443,120.0
7444,200.0
7445,156.0
7446,200.0
7447,102.0
7448,138.0
7449,176.0
7450,109.0
7451,200.0
7452,149.0
7453,110.0
7454,166.0
7455,193.0
7456,200.0
7457,152.0
7458,136.0
7459,200.0
7460,200.0
7461,200.0
7462,200.0
7463,146.0
7464,143.0
7465,52.0
7466,128.0
7467,154.0
7468,200.0
7469,106.0
7470,200.0
7471,195.0
7472,200.0
7473,200.0
7474,144.0
7475,96.0
7476,67.0
7477,152.0
7478,200.0
7479,122.0
7480,101.0
7481,200.0
7482,200.0
7483,183.0
7484,200.0
7485,125.0
7486,192.0
7487,142.0
7488,159.0
7489,146.0
7490,200.0
7491,200.0
7492,124.0
7493,196.0
7494,38.0
7495,115.0
7496,200.0
7497,95.0
7498,26.0
7499,101.0
7500,109.0
7501,41.0
7502,144.0
7503,126.0
7504,112.0
7505,93.0
7506,137.0
7507,106.0
7508,130.0
7509,133.0
7510,118.0
7511,157.0
7512,141.0
7513,137.0
7514,127.0
7515,103.0
7516,114.0
7517,117.0
7518,125.0
7519,92.0
7520,39.0
7521,92.0
7522,137.0
7523,46.0
7524,129.0
7525,118.0
7526,112.0
7527,53.0
7528,97.0
7529,150.0
7530,132.0
7531,113.0
7532,136.0
7533,122.0
7534,111.0
7535,127.0
7536,117.0
7537,103.0
7538,40.0
7539,106.0
7540,127.0
7541,130.0
7542,130.0
7543,50.0
7544,126.0
7545,59.0
7546,135.0
7547,109.0
7548,180.0
7549,114.0
7550,103.0
7551,98.0
7552,42.0
7553,116.0
7554,97.0
7555,127.0
7556,100.0
7557,112.0
7558,126.0
7559,137.0
7560,109.0
7561,95.0
7562,74.0
7563,99.0
7564,125.0
7565,127.0
7566,109.0
7567,105.0
7568,103.0
7569,129.0
7570,117.0
7571,89.0
7572,172.0
7573,120.0
7574,88.0
7575,147.0
7576,166.0
7577,126.0
7578,95.0
7579,103.0
7580,200.0
7581,97.0
7582,122.0
7583,124.0
7584,100.0
7585,92.0
7586,138.0
7587,101.0
7588,80.0
7589,97.0
7590,116.0
7591,113.0
7592,105.0
7593,95.0
7594,115.0
7595,110.0
7596,112.0
7597,111.0
7598,97.0
7599,112.0
